[2026-07-10T14:24:32.309] [DEBUG] debug-file - env: nodejsVersion=v18.20.1
[2026-07-10T14:24:38.546] [DEBUG] debug-file - Hvigor init with startParameters:{
  hvigorfileTypeCheck: false,
  parallelExecution: true,
  incrementalExecution: true,
  printStackTrace: false,
  daemon: false,
  analyze: 0,
  logLevel: Level { level: 20000, levelStr: 'INFO', colour: 'green' },
  optimizationStrategy: 'memory',
  hotCompile: undefined,
  hotReloadBuild: undefined,
  customizedParam: undefined
}
[2026-07-10T14:25:32.170] [DEBUG] debug-file - hvigorfile, require result:  { default: { system: [Function: appTasks], plugins: [] } }
[2026-07-10T14:25:32.174] [DEBUG] debug-file - Starting plugin build process
[2026-07-10T14:25:32.395] [DEBUG] debug-file - App plugin register hook start...
[2026-07-10T14:25:32.402] [DEBUG] debug-file - Obtain build option for product 'default'in this build.
[2026-07-10T14:25:32.424] [DEBUG] debug-file - Start recording SDK configuration permission data.
[2026-07-10T14:25:32.398] [DEBUG] debug-file - Start initialize project's product build option map with build mode debug.
[2026-07-10T14:25:32.507] [DEBUG] debug-file - Start initialize module-target build option map, moduleName=entry, buildMode=debug
[2026-07-10T14:25:32.491] [DEBUG] debug-file - failed to load cangjie to dynamically generate schemas: Error: Cannot find module '@ohos/cangjie-build-support/index'
Require stack:
- D:\new\deveco\tools\hvigor\hvigor-ohos-plugin\src\plugin\hooks\cangjie-register.js
- D:\new\deveco\tools\hvigor\hvigor-ohos-plugin\src\plugin\strategy\stage-init-strategy.js
- D:\new\deveco\tools\hvigor\hvigor-ohos-plugin\src\plugin\builder\abstract-plugin-builder.js
- D:\new\deveco\tools\hvigor\hvigor-ohos-plugin\src\plugin\builder\app-plugin-builder.js
- D:\new\deveco\tools\hvigor\hvigor-ohos-plugin\src\plugin\factory\plugin-factory.js
- D:\new\deveco\tools\hvigor\hvigor-ohos-plugin\index.js
- E:\xjtu2-2\c4ai\666\hvigorfile.ts
- D:\new\deveco\tools\hvigor\hvigor\src\base\internal\lifecycle\configuration.js
- D:\new\deveco\tools\hvigor\hvigor\src\base\boot\index.js
- D:\new\deveco\tools\hvigor\hvigor\src\cli\main\cli.js
- D:\new\deveco\tools\hvigor\hvigor\bin\hvigor.js
[2026-07-10T14:25:32.515] [DEBUG] debug-file - project has submodules:entry
[2026-07-10T14:25:32.482] [DEBUG] debug-file - Project task initialization takes 7 ms 
[2026-07-10T14:25:32.517] [DEBUG] debug-file - start to load updatedOhPackageInfo to the disk
[2026-07-10T14:24:32.311] [DEBUG] debug-file - env: hvigor-config.json5 content = {
  modelVersion: '6.1.1',
  dependencies: {},
  execution: {},
  logging: {},
  debugging: {},
  nodeOptions: {}
}
[2026-07-10T14:25:32.531] [DEBUG] debug-file - Start to initialize dependency information.
[2026-07-10T14:25:32.541] [DEBUG] debug-file - entry : clean cost memory 0.12195587158203125
[2026-07-10T14:25:32.568] [DEBUG] debug-file - Create  resident worker with id: 0.
[2026-07-10T14:24:38.548] [DEBUG] debug-file - Since current hvigor version 6.24.3 differs from last hvigor version 
      undefined, delete file-cache.json and task-cache.json.
[2026-07-10T14:25:32.171] [DEBUG] debug-file - hvigorfile, binding system plugins [Function: appTasks]
[2026-07-10T14:25:32.174] [DEBUG] debug-file - App plugin prepare start...
[2026-07-10T14:25:32.396] [DEBUG] debug-file - App plugin register hook end...
[2026-07-10T14:25:32.409] [DEBUG] debug-file - No signingConfig found, initRemoteHspCache failed.
[2026-07-10T14:25:32.473] [DEBUG] debug-file - Sdk init in 63 ms 
[2026-07-10T14:25:32.398] [DEBUG] debug-file - Picking option from product 'default' with build mode 'debug'.
[2026-07-10T14:25:32.507] [DEBUG] debug-file - Target 'default' config initialized
[2026-07-10T14:25:32.520] [DEBUG] debug-file - load to the disk finished
[2026-07-10T14:25:32.482] [DEBUG] debug-file - hvigorfile, begin to bind custom plugins...
[2026-07-10T14:24:32.314] [DEBUG] debug-file - env: daemon=false
[2026-07-10T14:25:32.534] [DEBUG] debug-file - Module entry Collected Dependency: 
[2026-07-10T14:25:32.541] [DEBUG] debug-file - runTaskFromQueue task cost before running: 54 s 21 ms 
[2026-07-10T14:25:32.570] [DEBUG] debug-file - Create  resident worker with id: 1.
[2026-07-10T14:24:38.549] [DEBUG] debug-file - Cache service initialization finished in 1 ms 
[2026-07-10T14:25:32.174] [DEBUG] debug-file - App plugin prepare end...
[2026-07-10T14:25:32.396] [DEBUG] debug-file - Plugin build process completed
[2026-07-10T14:25:32.411] [DEBUG] debug-file - Local scan or download HarmonyOS sdk components toolchains,ets,js,native,previewer
[2026-07-10T14:25:32.398] [DEBUG] debug-file - Product 'default' build option initialized
[2026-07-10T14:25:32.508] [DEBUG] debug-file - Target 'ohosTest' config initialized
[2026-07-10T14:25:32.521] [DEBUG] debug-file - Start to initialize dependency information.
[2026-07-10T14:24:32.314] [DEBUG] debug-file - no-daemon, use the parent process.execArgv --max-old-space-size=8192,--max-semi-space-size=16,--expose-gc
[2026-07-10T14:25:32.482] [DEBUG] debug-file - hvigorfile, no custom plugins were found in E:\xjtu2-2\c4ai\666\hvigorfile.ts
[2026-07-10T14:25:32.534] [DEBUG] debug-file - Module entry's total dependency: 0
[2026-07-10T14:25:32.572] [DEBUG] debug-file - Current worker pool is stopped or closed.
[2026-07-10T14:25:32.542] [INFO] debug-file - Finished :entry:clean... after 2 ms 
[2026-07-10T14:24:38.553] [DEBUG] debug-file - hvigorfile, resolving E:\xjtu2-2\c4ai\666\hvigorfile.ts
[2026-07-10T14:25:32.174] [DEBUG] debug-file - App plugin creating...
[2026-07-10T14:25:32.417] [DEBUG] debug-file - Local scan or download hmscore sdk components toolchains,ets,native
[2026-07-10T14:25:32.398] [DEBUG] debug-file - End initialize project's product build option map with build mode 'debug'.
[2026-07-10T14:25:32.508] [DEBUG] debug-file - Module 'entry' target 'default' build option initialized
[2026-07-10T14:25:32.530] [DEBUG] debug-file - Module 666 Collected Dependency: 
[2026-07-10T14:25:32.482] [DEBUG] debug-file - hvigorfile, resolve finished E:\xjtu2-2\c4ai\666\hvigorfile.ts
[2026-07-10T14:25:32.537] [DEBUG] debug-file - Configuration phase cost:53 s 987 ms 
[2026-07-10T14:25:32.572] [DEBUG] debug-file - Clear worker 0.
[2026-07-10T14:25:32.542] [DEBUG] debug-file - Executing task ::clean
[2026-07-10T14:25:32.508] [DEBUG] debug-file - Module 'entry' target 'ohosTest' build option initialized
[2026-07-10T14:25:32.530] [DEBUG] debug-file - Module 666's total dependency: 0
[2026-07-10T14:25:32.483] [DEBUG] debug-file - hvigorfile, resolving E:\xjtu2-2\c4ai\666\entry\hvigorfile.ts
[2026-07-10T14:25:32.539] [DEBUG] debug-file - Configuration task cost before running: 54 s 19 ms 
[2026-07-10T14:25:32.572] [DEBUG] debug-file - Worker 0 has been cleared.
[2026-07-10T14:25:32.508] [DEBUG] debug-file - End initialize module-target build option map, moduleName=entry
[2026-07-10T14:25:32.542] [DEBUG] debug-file - clean: Worker pool is inactive.
[2026-07-10T14:25:32.489] [DEBUG] debug-file - hvigorfile, require result:  { default: { system: [Function: hapTasks], plugins: [] } }
[2026-07-10T14:25:32.539] [DEBUG] debug-file - Executing task :entry:clean
[2026-07-10T14:25:32.572] [DEBUG] debug-file - Current idle worker size: 1.
[2026-07-10T14:25:32.508] [DEBUG] debug-file - Start initialize module-target build option map, moduleName=entry, buildMode=release
[2026-07-10T14:25:32.543] [DEBUG] debug-file - 666 : clean cost memory 0.0196533203125
[2026-07-10T14:25:32.540] [DEBUG] debug-file - clean: Worker pool is inactive.
[2026-07-10T14:25:32.572] [DEBUG] debug-file - Current busy worker size: 0.
[2026-07-10T14:25:32.489] [DEBUG] debug-file - hvigorfile, binding system plugins [Function: hapTasks]
[2026-07-10T14:25:32.508] [DEBUG] debug-file - Target 'default' config initialized
[2026-07-10T14:25:32.543] [DEBUG] debug-file - runTaskFromQueue task cost before running: 54 s 23 ms 
[2026-07-10T14:25:32.572] [DEBUG] debug-file - Clear worker 1.
[2026-07-10T14:25:32.489] [DEBUG] debug-file - Starting plugin build process
[2026-07-10T14:25:32.509] [DEBUG] debug-file - Target 'ohosTest' config initialized
[2026-07-10T14:25:32.543] [INFO] debug-file - Finished ::clean... after 1 ms 
[2026-07-10T14:25:32.572] [DEBUG] debug-file - Worker 1 has been cleared.
[2026-07-10T14:25:32.489] [DEBUG] debug-file - Hap plugin creating...
[2026-07-10T14:25:32.543] [DEBUG] debug-file - Executing task :entry:init
[2026-07-10T14:25:32.572] [DEBUG] debug-file - Current idle worker size: 0.
[2026-07-10T14:25:32.509] [DEBUG] debug-file - Module 'entry' target 'default' build option initialized
[2026-07-10T14:25:32.543] [DEBUG] debug-file - entry : init cost memory 0.01678466796875
[2026-07-10T14:25:32.572] [DEBUG] debug-file - Current busy worker size: 0.
[2026-07-10T14:25:32.509] [DEBUG] debug-file - Module 'entry' target 'ohosTest' build option initialized
[2026-07-10T14:25:32.543] [DEBUG] debug-file - runTaskFromQueue task cost before running: 54 s 23 ms 
[2026-07-10T14:25:32.573] [DEBUG] debug-file - hvigor build process will be closed.
[2026-07-10T14:25:32.509] [DEBUG] debug-file - End initialize module-target build option map, moduleName=entry
[2026-07-10T14:25:32.576] [DEBUG] debug-file - worker[0] exits with exit code 0.
[2026-07-10T14:25:32.543] [INFO] debug-file - Finished :entry:init... after 1 ms 
[2026-07-10T14:25:32.509] [DEBUG] debug-file - Start initialize module-target build option map, moduleName=entry, buildMode=debug
[2026-07-10T14:25:32.576] [DEBUG] debug-file - worker[1] exits with exit code 0.
[2026-07-10T14:25:32.543] [DEBUG] debug-file - Executing task ::init
[2026-07-10T14:25:32.509] [DEBUG] debug-file - Target 'default' config initialized
[2026-07-10T14:25:32.577] [DEBUG] debug-file - Current worker pool is terminated.
[2026-07-10T14:25:32.543] [DEBUG] debug-file - 666 : init cost memory 0.01181793212890625
[2026-07-10T14:25:32.509] [DEBUG] debug-file - Target 'ohosTest' config initialized
[2026-07-10T14:25:32.543] [DEBUG] debug-file - runTaskFromQueue task cost before running: 54 s 24 ms 
[2026-07-10T14:25:32.509] [DEBUG] debug-file - Module 'entry' target 'default' build option initialized
[2026-07-10T14:25:32.544] [INFO] debug-file - Finished ::init... after 1 ms 
[2026-07-10T14:25:32.509] [DEBUG] debug-file - Module 'entry' target 'ohosTest' build option initialized
[2026-07-10T14:25:32.555] [DEBUG] debug-file - Obtain build option for module 'entry' target 'default'in this build.
[2026-07-10T14:25:32.509] [DEBUG] debug-file - End initialize module-target build option map, moduleName=entry
[2026-07-10T14:25:32.555] [DEBUG] debug-file - Obtain build option for module 'entry' target 'ohosTest'in this build.
[2026-07-10T14:25:32.509] [DEBUG] debug-file - Obtain build option for module 'entry' target 'default'in this build.
[2026-07-10T14:25:32.565] [DEBUG] debug-file - Since there is no instance or instance is terminated, create a new worker pool.
[2026-07-10T14:25:32.514] [DEBUG] debug-file - Module entry task initialization takes 4 ms 
[2026-07-10T14:25:32.565] [DEBUG] debug-file - Worker pool is initialized with config:  {
  minPoolNum: 2,
  maxPoolNum: undefined,
  maxCoreSize: undefined,
  cacheCapacity: undefined,
  cacheTtl: undefined
}
[2026-07-10T14:25:32.514] [DEBUG] debug-file - Hap plugin register hook start...
[2026-07-10T14:25:32.514] [DEBUG] debug-file - Hap plugin register hook end...
[2026-07-10T14:25:32.514] [DEBUG] debug-file - Plugin build process completed
[2026-07-10T14:25:32.514] [DEBUG] debug-file - hvigorfile, begin to bind custom plugins...
[2026-07-10T14:25:32.514] [DEBUG] debug-file - hvigorfile, no custom plugins were found in E:\xjtu2-2\c4ai\666\entry\hvigorfile.ts
[2026-07-10T14:25:32.514] [DEBUG] debug-file - hvigorfile, resolve finished E:\xjtu2-2\c4ai\666\entry\hvigorfile.ts
[2026-07-10T14:25:46.028] [DEBUG] debug-file - env: nodejsVersion=v18.20.1
[2026-07-10T14:25:46.452] [DEBUG] debug-file - env: daemon=true
[2026-07-10T14:25:46.031] [DEBUG] debug-file - env: hvigor-config.json5 content = {
  modelVersion: '6.1.1',
  dependencies: {},
  execution: {},
  logging: {},
  debugging: {},
  nodeOptions: {}
}
[2026-07-10T14:25:50.677] [DEBUG] debug-file - hvigor java daemon: Starting java daemon. jvmXmxValue=512m, jarPath=D:\new\deveco\tools\hvigor\hvigor\lib\hvigor-java-daemon.jar
[2026-07-10T14:25:50.693] [DEBUG] debug-file - hvigor java daemon: Read cache file, 
    port=45050, pid=34008, sessionId exists=true
[2026-07-10T14:25:50.745] [DEBUG] debug-file - hvigor java daemon: tryConnect failed, Error: connect ECONNREFUSED 127.0.0.1:45050, will start new daemon
[2026-07-10T14:25:50.928] [DEBUG] debug-file - java daemon started at port 45050 pid 13304
[2026-07-10T14:25:50.985] [DEBUG] debug-file - session manager: set active socket. socketId=EVPd817GIAOBm511AAAB
[2026-07-10T14:25:52.088] [DEBUG] debug-file - watch worker: worker id should be larger than 0. Nothing will be sent to any worker thread.
[2026-07-10T14:25:52.099] [DEBUG] debug-file - Since there is no instance or instance is terminated, create a new worker pool.
[2026-07-10T14:25:52.100] [DEBUG] debug-file - Worker pool is initialized with config:  {
  minPoolNum: 2,
  maxPoolNum: undefined,
  maxCoreSize: undefined,
  cacheCapacity: undefined,
  cacheTtl: undefined
}
[2026-07-10T14:25:52.102] [DEBUG] debug-file - Create  resident worker with id: 0.
[2026-07-10T14:25:52.105] [DEBUG] debug-file - Create  resident worker with id: 1.
[2026-07-10T14:25:52.108] [DEBUG] debug-file - Workers' log level updated to INFO
[2026-07-10T14:25:52.121] [DEBUG] debug-file - Hvigor init with startParameters:{
  hvigorfileTypeCheck: false,
  parallelExecution: true,
  incrementalExecution: true,
  printStackTrace: false,
  daemon: true,
  analyze: 0,
  logLevel: Level { level: 20000, levelStr: 'INFO', colour: 'green' },
  optimizationStrategy: 'memory',
  hotCompile: undefined,
  hotReloadBuild: undefined,
  customizedParam: undefined
}
[2026-07-10T14:25:52.124] [DEBUG] debug-file - Cache service initialization finished in 2 ms 
[2026-07-10T14:25:52.128] [DEBUG] debug-file - hvigorfile, resolving E:\xjtu2-2\c4ai\666\hvigorfile.ts
[2026-07-10T14:25:55.662] [DEBUG] debug-file - hvigorfile, require result:  { default: { plugins: [] } }
[2026-07-10T14:25:55.663] [DEBUG] debug-file - hvigorfile, binding system plugins null
[2026-07-10T14:25:55.664] [DEBUG] debug-file - Starting plugin build process
[2026-07-10T14:25:55.664] [DEBUG] debug-file - App plugin prepare start...
[2026-07-10T14:25:55.664] [DEBUG] debug-file - App plugin prepare end...
[2026-07-10T14:25:55.664] [DEBUG] debug-file - App plugin creating...
[2026-07-10T14:25:55.911] [DEBUG] debug-file - App plugin register hook start...
[2026-07-10T14:25:55.912] [DEBUG] debug-file - App plugin register hook end...
[2026-07-10T14:25:55.912] [DEBUG] debug-file - Plugin build process completed
[2026-07-10T14:25:55.914] [DEBUG] debug-file - Start initialize project's product build option map with build mode debug.
[2026-07-10T14:25:55.914] [DEBUG] debug-file - Picking option from product 'default' with build mode 'debug'.
[2026-07-10T14:25:55.915] [DEBUG] debug-file - Product 'default' build option initialized
[2026-07-10T14:25:55.915] [DEBUG] debug-file - End initialize project's product build option map with build mode 'debug'.
[2026-07-10T14:25:55.917] [DEBUG] debug-file - Obtain build option for product 'default'in this build.
[2026-07-10T14:25:55.925] [DEBUG] debug-file - No signingConfig found, initRemoteHspCache failed.
[2026-07-10T14:25:55.928] [DEBUG] debug-file - Local scan or download HarmonyOS sdk components toolchains,ets,js,native,previewer
[2026-07-10T14:25:55.932] [DEBUG] debug-file - Local scan or download hmscore sdk components toolchains,ets,native
[2026-07-10T14:25:55.937] [DEBUG] debug-file - Start recording SDK configuration permission data.
[2026-07-10T14:25:55.979] [DEBUG] debug-file - Sdk init in 53 ms 
[2026-07-10T14:25:55.987] [DEBUG] debug-file - Project task initialization takes 7 ms 
[2026-07-10T14:25:55.987] [DEBUG] debug-file - hvigorfile, begin to bind custom plugins...
[2026-07-10T14:25:55.987] [DEBUG] debug-file - hvigorfile, no custom plugins were found in E:\xjtu2-2\c4ai\666\hvigorfile.ts
[2026-07-10T14:25:55.987] [DEBUG] debug-file - hvigorfile, resolve finished E:\xjtu2-2\c4ai\666\hvigorfile.ts
[2026-07-10T14:25:55.988] [DEBUG] debug-file - hvigorfile, resolving E:\xjtu2-2\c4ai\666\entry\hvigorfile.ts
[2026-07-10T14:25:55.999] [DEBUG] debug-file - hvigorfile, require result:  { default: { plugins: [] } }
[2026-07-10T14:25:55.999] [DEBUG] debug-file - hvigorfile, binding system plugins null
[2026-07-10T14:25:56.000] [DEBUG] debug-file - Starting plugin build process
[2026-07-10T14:25:56.000] [DEBUG] debug-file - Hap plugin creating...
[2026-07-10T14:25:56.002] [DEBUG] debug-file - failed to load cangjie to dynamically generate schemas: Error: Cannot find module '@ohos/cangjie-build-support/index'
Require stack:
- D:\new\deveco\tools\hvigor\hvigor-ohos-plugin\src\plugin\hooks\cangjie-register.js
- D:\new\deveco\tools\hvigor\hvigor-ohos-plugin\src\plugin\strategy\stage-init-strategy.js
- D:\new\deveco\tools\hvigor\hvigor-ohos-plugin\src\plugin\builder\abstract-plugin-builder.js
- D:\new\deveco\tools\hvigor\hvigor-ohos-plugin\src\plugin\builder\app-plugin-builder.js
- D:\new\deveco\tools\hvigor\hvigor-ohos-plugin\src\plugin\factory\plugin-factory.js
- D:\new\deveco\tools\hvigor\hvigor-ohos-plugin\index.js
- E:\xjtu2-2\c4ai\666\hvigorfile.ts
- D:\new\deveco\tools\hvigor\hvigor\src\base\internal\lifecycle\configuration.js
- D:\new\deveco\tools\hvigor\hvigor\src\base\boot\index.js
- D:\new\deveco\tools\hvigor\hvigor\src\base\daemon\cluster\worker-process-lifecycle.js
- D:\new\deveco\tools\hvigor\hvigor\src\base\daemon\process\daemon-process-boot-script.js
[2026-07-10T14:25:56.023] [DEBUG] debug-file - Start initialize module-target build option map, moduleName=entry, buildMode=debug
[2026-07-10T14:25:56.024] [DEBUG] debug-file - Target 'default' config initialized
[2026-07-10T14:25:56.025] [DEBUG] debug-file - Target 'ohosTest' config initialized
[2026-07-10T14:25:56.025] [DEBUG] debug-file - Module 'entry' target 'default' build option initialized
[2026-07-10T14:25:56.025] [DEBUG] debug-file - Module 'entry' target 'ohosTest' build option initialized
[2026-07-10T14:25:56.025] [DEBUG] debug-file - End initialize module-target build option map, moduleName=entry
[2026-07-10T14:25:56.026] [DEBUG] debug-file - Start initialize module-target build option map, moduleName=entry, buildMode=release
[2026-07-10T14:25:56.026] [DEBUG] debug-file - Target 'default' config initialized
[2026-07-10T14:25:56.026] [DEBUG] debug-file - Target 'ohosTest' config initialized
[2026-07-10T14:25:56.027] [DEBUG] debug-file - Module 'entry' target 'default' build option initialized
[2026-07-10T14:25:56.027] [DEBUG] debug-file - Module 'entry' target 'ohosTest' build option initialized
[2026-07-10T14:25:56.027] [DEBUG] debug-file - End initialize module-target build option map, moduleName=entry
[2026-07-10T14:25:56.027] [DEBUG] debug-file - Start initialize module-target build option map, moduleName=entry, buildMode=debug
[2026-07-10T14:25:56.027] [DEBUG] debug-file - Target 'default' config initialized
[2026-07-10T14:25:56.028] [DEBUG] debug-file - Target 'ohosTest' config initialized
[2026-07-10T14:25:56.028] [DEBUG] debug-file - Module 'entry' target 'default' build option initialized
[2026-07-10T14:25:56.028] [DEBUG] debug-file - Module 'entry' target 'ohosTest' build option initialized
[2026-07-10T14:25:56.028] [DEBUG] debug-file - End initialize module-target build option map, moduleName=entry
[2026-07-10T14:25:56.028] [DEBUG] debug-file - Obtain build option for module 'entry' target 'default'in this build.
[2026-07-10T14:25:56.035] [DEBUG] debug-file - Module entry task initialization takes 5 ms 
[2026-07-10T14:25:56.035] [DEBUG] debug-file - Hap plugin register hook start...
[2026-07-10T14:25:56.035] [DEBUG] debug-file - Hap plugin register hook end...
[2026-07-10T14:25:56.035] [DEBUG] debug-file - Plugin build process completed
[2026-07-10T14:25:56.035] [DEBUG] debug-file - hvigorfile, begin to bind custom plugins...
[2026-07-10T14:25:56.035] [DEBUG] debug-file - hvigorfile, no custom plugins were found in E:\xjtu2-2\c4ai\666\entry\hvigorfile.ts
[2026-07-10T14:25:56.035] [DEBUG] debug-file - hvigorfile, resolve finished E:\xjtu2-2\c4ai\666\entry\hvigorfile.ts
[2026-07-10T14:25:56.057] [DEBUG] debug-file - hvigorfile, resolve hvigorfile dependencies in 22 ms 
[2026-07-10T14:25:56.057] [DEBUG] debug-file - project has submodules:entry
[2026-07-10T14:25:56.059] [DEBUG] debug-file - start to load updatedOhPackageInfo to the disk
[2026-07-10T14:25:56.063] [DEBUG] debug-file - load to the disk finished
[2026-07-10T14:25:56.064] [DEBUG] debug-file - Start to initialize dependency information.
[2026-07-10T14:25:56.078] [DEBUG] debug-file - Module 666 Collected Dependency: 
[2026-07-10T14:25:56.078] [DEBUG] debug-file - Module 666's total dependency: 0
[2026-07-10T14:25:56.080] [DEBUG] debug-file - Start to initialize dependency information.
[2026-07-10T14:25:56.084] [DEBUG] debug-file - Module entry Collected Dependency: 
[2026-07-10T14:25:56.084] [DEBUG] debug-file - Module entry's total dependency: 0
[2026-07-10T14:25:56.087] [DEBUG] debug-file - Configuration phase cost:3 s 963 ms 
[2026-07-10T14:25:56.089] [DEBUG] debug-file - Configuration task cost before running: 3 s 981 ms 
[2026-07-10T14:25:56.090] [DEBUG] debug-file - Executing task :entry:init
[2026-07-10T14:25:56.090] [DEBUG] debug-file - entry : init cost memory 0.0164642333984375
[2026-07-10T14:25:56.090] [DEBUG] debug-file - runTaskFromQueue task cost before running: 3 s 982 ms 
[2026-07-10T14:25:56.091] [INFO] debug-file - Finished :entry:init... after 1 ms 
[2026-07-10T14:25:56.091] [DEBUG] debug-file - Executing task ::init
[2026-07-10T14:25:56.091] [DEBUG] debug-file - 666 : init cost memory 0.014190673828125
[2026-07-10T14:25:56.091] [DEBUG] debug-file - runTaskFromQueue task cost before running: 3 s 983 ms 
[2026-07-10T14:25:56.091] [INFO] debug-file - Finished ::init... after 1 ms 
[2026-07-10T14:25:56.109] [DEBUG] debug-file - Obtain build option for module 'entry' target 'default'in this build.
[2026-07-10T14:25:56.110] [DEBUG] debug-file - Obtain build option for module 'entry' target 'ohosTest'in this build.
[2026-07-10T14:25:56.126] [DEBUG] debug-file - session manager: send message to worker process.
[2026-07-10T14:25:56.127] [DEBUG] debug-file - session manager: send message to worker process.
[2026-07-10T14:25:56.129] [DEBUG] debug-file - Cleanup worker 0.
[2026-07-10T14:25:56.129] [DEBUG] debug-file - Worker 0 has been cleaned up.
[2026-07-10T14:25:56.130] [DEBUG] debug-file - Current idle worker size: 1.
[2026-07-10T14:25:56.130] [DEBUG] debug-file - Current resident worker size: 2.
[2026-07-10T14:25:56.130] [DEBUG] debug-file - Cleanup worker 1.
[2026-07-10T14:25:56.130] [DEBUG] debug-file - Worker 1 has been cleaned up.
[2026-07-10T14:25:56.130] [DEBUG] debug-file - Current idle worker size: 0.
[2026-07-10T14:25:56.130] [DEBUG] debug-file - Current resident worker size: 2.
[2026-07-10T14:25:56.132] [DEBUG] debug-file - hvigor build process will be closed.
[2026-07-10T14:25:56.137] [DEBUG] debug-file - watch worker: worker id should be larger than 0. Nothing will be sent to any worker thread.
[2026-07-10T14:25:56.138] [DEBUG] debug-file - watch worker: worker id should be larger than 0. Nothing will be sent to any worker thread.
[2026-07-10T14:25:56.139] [DEBUG] debug-file - worker[0] exits with exit code 1.
[2026-07-10T14:25:56.140] [DEBUG] debug-file - worker[1] exits with exit code 1.
[2026-07-10T14:25:56.734] [DEBUG] debug-file - session manager: set active socket. socketId=YgyitmxB7oMi-PvLAAAD
[2026-07-10T14:25:56.771] [DEBUG] debug-file - watch worker: worker id should be larger than 0. Nothing will be sent to any worker thread.
[2026-07-10T14:25:56.780] [DEBUG] debug-file - Workers' log level updated to INFO
[2026-07-10T14:25:56.786] [DEBUG] debug-file - Hvigor init with startParameters:{
  hvigorfileTypeCheck: false,
  parallelExecution: true,
  incrementalExecution: true,
  printStackTrace: false,
  daemon: true,
  analyze: 0,
  logLevel: Level { level: 20000, levelStr: 'INFO', colour: 'green' },
  optimizationStrategy: 'memory',
  hotCompile: undefined,
  hotReloadBuild: undefined,
  customizedParam: undefined
}
[2026-07-10T14:25:56.787] [DEBUG] debug-file - Cache service initialization finished in 1 ms 
[2026-07-10T14:25:56.789] [DEBUG] debug-file - hvigorfile, resolving E:\xjtu2-2\c4ai\666\hvigorfile.ts
[2026-07-10T14:25:56.799] [DEBUG] debug-file - hvigorfile, require result:  { default: { plugins: [] } }
[2026-07-10T14:25:56.799] [DEBUG] debug-file - hvigorfile, binding system plugins null
[2026-07-10T14:25:56.800] [DEBUG] debug-file - Starting plugin build process
[2026-07-10T14:25:56.800] [DEBUG] debug-file - App plugin prepare start...
[2026-07-10T14:25:56.801] [DEBUG] debug-file - App plugin prepare end...
[2026-07-10T14:25:56.801] [DEBUG] debug-file - App plugin creating...
[2026-07-10T14:25:56.812] [DEBUG] debug-file - App plugin register hook start...
[2026-07-10T14:25:56.812] [DEBUG] debug-file - App plugin register hook end...
[2026-07-10T14:25:56.812] [DEBUG] debug-file - Plugin build process completed
[2026-07-10T14:25:56.813] [DEBUG] debug-file - Start initialize project's product build option map with build mode debug.
[2026-07-10T14:25:56.814] [DEBUG] debug-file - Picking option from product 'default' with build mode 'debug'.
[2026-07-10T14:25:56.814] [DEBUG] debug-file - Product 'default' build option initialized
[2026-07-10T14:25:56.815] [DEBUG] debug-file - End initialize project's product build option map with build mode 'debug'.
[2026-07-10T14:25:56.817] [DEBUG] debug-file - Obtain build option for product 'default'in this build.
[2026-07-10T14:25:56.823] [DEBUG] debug-file - No signingConfig found, initRemoteHspCache failed.
[2026-07-10T14:25:56.831] [DEBUG] debug-file - Start recording SDK configuration permission data.
[2026-07-10T14:25:56.889] [DEBUG] debug-file - Sdk init in 65 ms 
[2026-07-10T14:25:56.896] [DEBUG] debug-file - Project task initialization takes 6 ms 
[2026-07-10T14:25:56.896] [DEBUG] debug-file - hvigorfile, begin to bind custom plugins...
[2026-07-10T14:25:56.896] [DEBUG] debug-file - hvigorfile, no custom plugins were found in E:\xjtu2-2\c4ai\666\hvigorfile.ts
[2026-07-10T14:25:56.896] [DEBUG] debug-file - hvigorfile, resolve finished E:\xjtu2-2\c4ai\666\hvigorfile.ts
[2026-07-10T14:25:56.897] [DEBUG] debug-file - hvigorfile, resolving E:\xjtu2-2\c4ai\666\entry\hvigorfile.ts
[2026-07-10T14:25:56.905] [DEBUG] debug-file - hvigorfile, require result:  { default: { plugins: [] } }
[2026-07-10T14:25:56.905] [DEBUG] debug-file - hvigorfile, binding system plugins null
[2026-07-10T14:25:56.906] [DEBUG] debug-file - Starting plugin build process
[2026-07-10T14:25:56.906] [DEBUG] debug-file - Hap plugin creating...
[2026-07-10T14:25:56.910] [DEBUG] debug-file - failed to load cangjie to dynamically generate schemas: Error: Cannot find module '@ohos/cangjie-build-support/index'
Require stack:
- D:\new\deveco\tools\hvigor\hvigor-ohos-plugin\src\plugin\hooks\cangjie-register.js
- D:\new\deveco\tools\hvigor\hvigor-ohos-plugin\src\plugin\strategy\stage-init-strategy.js
- D:\new\deveco\tools\hvigor\hvigor-ohos-plugin\src\plugin\builder\abstract-plugin-builder.js
- D:\new\deveco\tools\hvigor\hvigor-ohos-plugin\src\plugin\builder\app-plugin-builder.js
- D:\new\deveco\tools\hvigor\hvigor-ohos-plugin\src\plugin\factory\plugin-factory.js
- D:\new\deveco\tools\hvigor\hvigor-ohos-plugin\index.js
- E:\xjtu2-2\c4ai\666\hvigorfile.ts
- D:\new\deveco\tools\hvigor\hvigor\src\base\internal\lifecycle\configuration.js
- D:\new\deveco\tools\hvigor\hvigor\src\base\boot\index.js
- D:\new\deveco\tools\hvigor\hvigor\src\base\daemon\cluster\worker-process-lifecycle.js
- D:\new\deveco\tools\hvigor\hvigor\src\base\daemon\process\daemon-process-boot-script.js
[2026-07-10T14:25:56.915] [DEBUG] debug-file - Start initialize module-target build option map, moduleName=entry, buildMode=debug
[2026-07-10T14:25:56.916] [DEBUG] debug-file - Target 'default' config initialized
[2026-07-10T14:25:56.916] [DEBUG] debug-file - Target 'ohosTest' config initialized
[2026-07-10T14:25:56.917] [DEBUG] debug-file - Module 'entry' target 'default' build option initialized
[2026-07-10T14:25:56.917] [DEBUG] debug-file - Module 'entry' target 'ohosTest' build option initialized
[2026-07-10T14:25:56.917] [DEBUG] debug-file - End initialize module-target build option map, moduleName=entry
[2026-07-10T14:25:56.917] [DEBUG] debug-file - Start initialize module-target build option map, moduleName=entry, buildMode=release
[2026-07-10T14:25:56.918] [DEBUG] debug-file - Target 'default' config initialized
[2026-07-10T14:25:56.919] [DEBUG] debug-file - Target 'ohosTest' config initialized
[2026-07-10T14:25:56.919] [DEBUG] debug-file - Module 'entry' target 'default' build option initialized
[2026-07-10T14:25:56.919] [DEBUG] debug-file - Module 'entry' target 'ohosTest' build option initialized
[2026-07-10T14:25:56.919] [DEBUG] debug-file - End initialize module-target build option map, moduleName=entry
[2026-07-10T14:25:56.920] [DEBUG] debug-file - Start initialize module-target build option map, moduleName=entry, buildMode=debug
[2026-07-10T14:25:56.920] [DEBUG] debug-file - Target 'default' config initialized
[2026-07-10T14:25:56.920] [DEBUG] debug-file - Target 'ohosTest' config initialized
[2026-07-10T14:25:56.921] [DEBUG] debug-file - Module 'entry' target 'default' build option initialized
[2026-07-10T14:25:56.921] [DEBUG] debug-file - Module 'entry' target 'ohosTest' build option initialized
[2026-07-10T14:25:56.921] [DEBUG] debug-file - End initialize module-target build option map, moduleName=entry
[2026-07-10T14:25:56.922] [DEBUG] debug-file - Obtain build option for module 'entry' target 'default'in this build.
[2026-07-10T14:25:56.925] [DEBUG] debug-file - Module entry task initialization takes 2 ms 
[2026-07-10T14:25:56.925] [DEBUG] debug-file - Hap plugin register hook start...
[2026-07-10T14:25:56.925] [DEBUG] debug-file - Hap plugin register hook end...
[2026-07-10T14:25:56.925] [DEBUG] debug-file - Plugin build process completed
[2026-07-10T14:25:56.926] [DEBUG] debug-file - hvigorfile, begin to bind custom plugins...
[2026-07-10T14:25:56.926] [DEBUG] debug-file - hvigorfile, no custom plugins were found in E:\xjtu2-2\c4ai\666\entry\hvigorfile.ts
[2026-07-10T14:25:56.926] [DEBUG] debug-file - hvigorfile, resolve finished E:\xjtu2-2\c4ai\666\entry\hvigorfile.ts
[2026-07-10T14:25:56.971] [DEBUG] debug-file - hvigorfile, resolve hvigorfile dependencies in 45 ms 
[2026-07-10T14:25:56.972] [DEBUG] debug-file - project has submodules:entry
[2026-07-10T14:25:56.975] [DEBUG] debug-file - start to load updatedOhPackageInfo to the disk
[2026-07-10T14:25:56.980] [DEBUG] debug-file - load to the disk finished
[2026-07-10T14:25:56.982] [DEBUG] debug-file - Start to initialize dependency information.
[2026-07-10T14:25:56.995] [DEBUG] debug-file - Module 666 Collected Dependency: 
[2026-07-10T14:25:56.995] [DEBUG] debug-file - Module 666's total dependency: 0
[2026-07-10T14:25:56.996] [DEBUG] debug-file - Start to initialize dependency information.
[2026-07-10T14:25:57.001] [DEBUG] debug-file - Module entry Collected Dependency: 
[2026-07-10T14:25:57.001] [DEBUG] debug-file - Module entry's total dependency: 0
[2026-07-10T14:25:57.004] [DEBUG] debug-file - Configuration phase cost:216 ms 
[2026-07-10T14:25:57.006] [DEBUG] debug-file - Configuration task cost before running: 226 ms 
[2026-07-10T14:25:57.021] [DEBUG] debug-file - Executing task :entry:default@PreBuild
[2026-07-10T14:25:57.051] [DEBUG] debug-file - Task 'entry:default@PreBuild' cost while wrapping incremental declarations: 1 ms 
[2026-07-10T14:25:57.466] [DEBUG] debug-file - current product is not Atomic service.
[2026-07-10T14:25:57.468] [DEBUG] debug-file - Use tool [win32: JAVA_HOME, CLASSPATH]
 [ { JAVA_HOME: 'D:\\new\\deveco\\jbr' }, { CLASSPATH: undefined } ]
[2026-07-10T14:25:57.468] [DEBUG] debug-file - Use tool [win32: NODE_HOME]
 [ { NODE_HOME: 'D:\\new\\deveco\\tools\\node' } ]
[2026-07-10T14:25:57.470] [DEBUG] debug-file - entry : default@PreBuild cost memory -1.2678375244140625
[2026-07-10T14:25:57.470] [DEBUG] debug-file - runTaskFromQueue task cost before running: 690 ms 
[2026-07-10T14:25:57.476] [INFO] debug-file - Finished :entry:default@PreBuild... after 449 ms 
[2026-07-10T14:25:57.478] [DEBUG] debug-file - Executing task :entry:default@CreateModuleInfo
[2026-07-10T14:25:57.479] [DEBUG] debug-file - Task 'entry:default@CreateModuleInfo' cost while wrapping incremental declarations: 1 ms 
[2026-07-10T14:25:57.480] [DEBUG] debug-file - entry : default@CreateModuleInfo cost memory 0.04224395751953125
[2026-07-10T14:25:57.480] [DEBUG] debug-file - runTaskFromQueue task cost before running: 700 ms 
[2026-07-10T14:25:57.481] [INFO] debug-file - Finished :entry:default@CreateModuleInfo... after 3 ms 
[2026-07-10T14:25:57.484] [DEBUG] debug-file - Executing task :entry:default@MergeProfile
[2026-07-10T14:25:57.485] [DEBUG] debug-file - Task 'entry:default@MergeProfile' cost while wrapping incremental declarations: 1 ms 
[2026-07-10T14:25:57.488] [DEBUG] debug-file - Change app api release type with 'Release'
[2026-07-10T14:25:57.489] [DEBUG] debug-file - Change app compile API version with '6.1.1.125'
[2026-07-10T14:25:57.489] [DEBUG] debug-file - Change app target API version with '60101024'
[2026-07-10T14:25:57.489] [DEBUG] debug-file - Change app minimum API version with '60101024'
[2026-07-10T14:25:57.490] [DEBUG] debug-file - Use cli appEnvironment
[2026-07-10T14:25:57.496] [DEBUG] debug-file - entry : default@MergeProfile cost memory 0.20322418212890625
[2026-07-10T14:25:57.496] [DEBUG] debug-file - runTaskFromQueue task cost before running: 716 ms 
[2026-07-10T14:25:57.497] [INFO] debug-file - Finished :entry:default@MergeProfile... after 13 ms 
[2026-07-10T14:25:57.500] [DEBUG] debug-file - Executing task :entry:default@CreateBuildProfile
[2026-07-10T14:25:57.502] [DEBUG] debug-file - Task 'entry:default@CreateBuildProfile' cost while wrapping incremental declarations: 2 ms 
[2026-07-10T14:25:57.505] [DEBUG] debug-file - entry : default@CreateBuildProfile cost memory 0.06818389892578125
[2026-07-10T14:25:57.505] [DEBUG] debug-file - runTaskFromQueue task cost before running: 725 ms 
[2026-07-10T14:25:57.505] [INFO] debug-file - Finished :entry:default@CreateBuildProfile... after 6 ms 
[2026-07-10T14:25:57.508] [DEBUG] debug-file - Executing task :entry:default@PreCheckSyscap
[2026-07-10T14:25:57.509] [DEBUG] debug-file - entry : default@PreCheckSyscap cost memory 0.01471710205078125
[2026-07-10T14:25:57.509] [DEBUG] debug-file - runTaskFromQueue task cost before running: 729 ms 
[2026-07-10T14:25:57.509] [INFO] debug-file - Finished :entry:default@PreCheckSyscap... after 1 ms 
[2026-07-10T14:25:57.513] [DEBUG] debug-file - Executing task :entry:default@GeneratePkgContextInfo
[2026-07-10T14:25:57.533] [DEBUG] debug-file - Task 'entry:default@GeneratePkgContextInfo' cost while wrapping incremental declarations: 1 ms 
[2026-07-10T14:25:57.537] [DEBUG] debug-file - entry : default@GeneratePkgContextInfo cost memory 0.2778778076171875
[2026-07-10T14:25:57.537] [DEBUG] debug-file - runTaskFromQueue task cost before running: 757 ms 
[2026-07-10T14:25:57.538] [INFO] debug-file - Finished :entry:default@GeneratePkgContextInfo... after 25 ms 
[2026-07-10T14:25:57.543] [DEBUG] debug-file - Executing task :entry:default@ProcessProfile
[2026-07-10T14:25:57.547] [DEBUG] debug-file - Task 'entry:default@ProcessProfile' cost while wrapping incremental declarations: 1 ms 
[2026-07-10T14:25:57.553] [DEBUG] debug-file - [
  'D:\\new\\deveco\\tools\\node\\node.exe',
  'D:\\new\\deveco\\sdk\\default\\openharmony\\ets\\build-tools\\ets-loader\\bin\\ark\\ts2abc.js',
  '--target-api-version',
  '24'
]
[2026-07-10T14:25:58.628] [DEBUG] debug-file - 24.0.0.0
[2026-07-10T14:25:58.632] [DEBUG] debug-file - entry : default@ProcessProfile cost memory 2.037445068359375
[2026-07-10T14:25:58.632] [DEBUG] debug-file - runTaskFromQueue task cost before running: 1 s 852 ms 
[2026-07-10T14:25:58.633] [INFO] debug-file - Finished :entry:default@ProcessProfile... after 1 s 89 ms 
[2026-07-10T14:25:58.636] [DEBUG] debug-file - Executing task :entry:default@ProcessRouterMap
[2026-07-10T14:25:58.641] [DEBUG] debug-file - entry : default@ProcessRouterMap cost memory 0.07181549072265625
[2026-07-10T14:25:58.641] [DEBUG] debug-file - runTaskFromQueue task cost before running: 1 s 861 ms 
[2026-07-10T14:25:58.642] [INFO] debug-file - Finished :entry:default@ProcessRouterMap... after 6 ms 
[2026-07-10T14:25:58.646] [DEBUG] debug-file - Executing task :entry:default@ProcessShareConfig
[2026-07-10T14:25:58.651] [DEBUG] debug-file - entry : default@ProcessShareConfig cost memory 0.0618438720703125
[2026-07-10T14:25:58.652] [DEBUG] debug-file - runTaskFromQueue task cost before running: 1 s 872 ms 
[2026-07-10T14:25:58.653] [INFO] debug-file - Finished :entry:default@ProcessShareConfig... after 6 ms 
[2026-07-10T14:25:58.657] [DEBUG] debug-file - Executing task :entry:default@ProcessStartupConfig
[2026-07-10T14:25:58.658] [DEBUG] debug-file - Task 'entry:default@ProcessStartupConfig' cost while wrapping incremental declarations: 1 ms 
[2026-07-10T14:25:58.662] [DEBUG] debug-file - entry : default@ProcessStartupConfig cost memory 0.08933258056640625
[2026-07-10T14:25:58.662] [DEBUG] debug-file - runTaskFromQueue task cost before running: 1 s 882 ms 
[2026-07-10T14:25:58.663] [INFO] debug-file - Finished :entry:default@ProcessStartupConfig... after 5 ms 
[2026-07-10T14:25:58.667] [DEBUG] debug-file - restool module names: entry; moduleName=entry, taskName=default@PreviewProcessResource
[2026-07-10T14:25:58.672] [DEBUG] debug-file - Executing task :entry:default@PreviewProcessResource
[2026-07-10T14:25:58.673] [DEBUG] debug-file - Task 'entry:default@PreviewProcessResource' cost while wrapping incremental declarations: 1 ms 
[2026-07-10T14:25:58.673] [DEBUG] debug-file - entry : default@PreviewProcessResource cost memory 0.054779052734375
[2026-07-10T14:25:58.675] [DEBUG] debug-file - runTaskFromQueue task cost before running: 1 s 895 ms 
[2026-07-10T14:25:58.677] [INFO] debug-file - Finished :entry:default@PreviewProcessResource... after 5 ms 
[2026-07-10T14:25:58.682] [DEBUG] debug-file - Executing task :entry:default@GenerateLoaderJson
[2026-07-10T14:25:58.692] [DEBUG] debug-file - Task 'entry:default@GenerateLoaderJson' cost while wrapping incremental declarations: 1 ms 
[2026-07-10T14:25:58.722] [DEBUG] debug-file - entry : default@GenerateLoaderJson cost memory 0.8571395874023438
[2026-07-10T14:25:58.723] [DEBUG] debug-file - runTaskFromQueue task cost before running: 1 s 942 ms 
[2026-07-10T14:25:58.731] [INFO] debug-file - Finished :entry:default@GenerateLoaderJson... after 41 ms 
[2026-07-10T14:25:58.735] [DEBUG] debug-file - restool module names: entry; moduleName=entry, taskName=default@PreviewCompileResource
[2026-07-10T14:25:58.736] [DEBUG] debug-file - Executing task :entry:default@PreviewCompileResource
[2026-07-10T14:25:58.771] [DEBUG] debug-file - Use tool [D:\new\deveco\sdk\default\openharmony\toolchains\restool.exe]
 [
  'D:\\new\\deveco\\sdk\\default\\openharmony\\toolchains\\restool.exe',
  '-x',
  'E:\\xjtu2-2\\c4ai\\666\\AppScope\\resources',
  '-o',
  'E:\\xjtu2-2\\c4ai\\666\\entry\\.preview\\default\\intermediates\\res\\default\\app_compiled'
]
[2026-07-10T14:25:58.773] [DEBUG] debug-file - current process  memoryUsage: {
  rss: 227651584,
  heapTotal: 174206976,
  heapUsed: 146909240,
  external: 3222674,
  arrayBuffers: 190809
} os memoryUsage :22.05744171142578
[2026-07-10T14:25:59.372] [DEBUG] debug-file - Info: restool resources compile success.

[2026-07-10T14:25:59.378] [DEBUG] debug-file - Use tool [D:\new\deveco\sdk\default\openharmony\toolchains\restool.exe]
 [
  'D:\\new\\deveco\\sdk\\default\\openharmony\\toolchains\\restool.exe',
  '-x',
  'E:\\xjtu2-2\\c4ai\\666\\entry\\src\\main\\resources',
  '-o',
  'E:\\xjtu2-2\\c4ai\\666\\entry\\.preview\\default\\intermediates\\res\\default\\module_compiled'
]
[2026-07-10T14:25:59.379] [DEBUG] debug-file - current process  memoryUsage: {
  rss: 227696640,
  heapTotal: 174206976,
  heapUsed: 147047120,
  external: 3222800,
  arrayBuffers: 190950
} os memoryUsage :22.070858001708984
[2026-07-10T14:25:59.588] [DEBUG] debug-file - Info: restool resources compile success.

[2026-07-10T14:25:59.596] [DEBUG] debug-file - Use tool [D:\new\deveco\sdk\default\openharmony\toolchains\restool.exe]
 [
  'D:\\new\\deveco\\sdk\\default\\openharmony\\toolchains\\restool.exe',
  '-m',
  'entry',
  '-f',
  '-j',
  'E:\\xjtu2-2\\c4ai\\666\\entry\\.preview\\default\\intermediates\\process_profile\\default\\module.json',
  '-p',
  'c***n',
  '-r',
  'E:\\xjtu2-2\\c4ai\\666\\entry\\.preview\\default\\generated\\r\\default\\ResourceTable.h',
  '-z',
  '--ids',
  'E:\\xjtu2-2\\c4ai\\666\\entry\\.preview\\default\\intermediates\\res\\default\\ids_map',
  '--defined-ids',
  'E:\\xjtu2-2\\c4ai\\666\\entry\\.preview\\default\\intermediates\\res\\default\\ids_map\\id_defined.json',
  '-i',
  'E:\\xjtu2-2\\c4ai\\666\\entry\\.preview\\default\\intermediates\\res\\default\\app_compiled',
  '-i',
  'E:\\xjtu2-2\\c4ai\\666\\entry\\.preview\\default\\intermediates\\res\\default\\module_compiled',
  '-o',
  'E:\\xjtu2-2\\c4ai\\666\\entry\\.preview\\default\\intermediates\\res\\default',
  '--defined-sysids',
  'D:\\new\\deveco\\sdk\\default\\hms\\toolchains\\id_defined.json'
]
[2026-07-10T14:25:59.597] [DEBUG] debug-file - current process  memoryUsage: {
  rss: 227823616,
  heapTotal: 174206976,
  heapUsed: 147203832,
  external: 3222926,
  arrayBuffers: 192022
} os memoryUsage :22.045143127441406
[2026-07-10T14:25:59.923] [DEBUG] debug-file - Info: hardware concurrency count is : 18
Info: thread count is : 18

[2026-07-10T14:25:59.924] [DEBUG] debug-file - Info: thread pool is started

[2026-07-10T14:25:59.934] [DEBUG] debug-file - Info: restool resources compile success.

[2026-07-10T14:25:59.935] [DEBUG] debug-file - Info: thread pool is stopped

[2026-07-10T14:25:59.943] [DEBUG] debug-file - entry : default@PreviewCompileResource cost memory 0.971771240234375
[2026-07-10T14:25:59.944] [DEBUG] debug-file - runTaskFromQueue task cost before running: 3 s 163 ms 
[2026-07-10T14:25:59.944] [INFO] debug-file - Finished :entry:default@PreviewCompileResource... after 1 s 208 ms 
[2026-07-10T14:25:59.946] [DEBUG] debug-file - Executing task :entry:default@PreviewHookCompileResource
[2026-07-10T14:25:59.946] [DEBUG] debug-file - entry : default@PreviewHookCompileResource cost memory 0.0153656005859375
[2026-07-10T14:25:59.947] [DEBUG] debug-file - runTaskFromQueue task cost before running: 3 s 166 ms 
[2026-07-10T14:25:59.947] [INFO] debug-file - Finished :entry:default@PreviewHookCompileResource... after 1 ms 
[2026-07-10T14:25:59.950] [DEBUG] debug-file - Executing task :entry:default@CopyPreviewProfile
[2026-07-10T14:25:59.961] [DEBUG] debug-file - entry : default@CopyPreviewProfile cost memory 0.1386871337890625
[2026-07-10T14:25:59.961] [DEBUG] debug-file - runTaskFromQueue task cost before running: 3 s 181 ms 
[2026-07-10T14:25:59.962] [INFO] debug-file - Finished :entry:default@CopyPreviewProfile... after 12 ms 
[2026-07-10T14:25:59.964] [DEBUG] debug-file - Executing task :entry:default@ReplacePreviewerPage
[2026-07-10T14:25:59.965] [DEBUG] debug-file - entry : default@ReplacePreviewerPage cost memory 0.01523590087890625
[2026-07-10T14:25:59.965] [DEBUG] debug-file - runTaskFromQueue task cost before running: 3 s 185 ms 
[2026-07-10T14:25:59.965] [INFO] debug-file - Finished :entry:default@ReplacePreviewerPage... after 2 ms 
[2026-07-10T14:25:59.966] [DEBUG] debug-file - Executing task :entry:buildPreviewerResource
[2026-07-10T14:25:59.967] [DEBUG] debug-file - entry : buildPreviewerResource cost memory 0.0128936767578125
[2026-07-10T14:25:59.967] [DEBUG] debug-file - runTaskFromQueue task cost before running: 3 s 187 ms 
[2026-07-10T14:25:59.967] [INFO] debug-file - Finished :entry:buildPreviewerResource... after 1 ms 
[2026-07-10T14:25:59.970] [DEBUG] debug-file - Executing task :entry:default@PreviewUpdateAssets
[2026-07-10T14:25:59.992] [DEBUG] debug-file - entry : default@PreviewUpdateAssets cost memory 0.06884765625
[2026-07-10T14:25:59.992] [DEBUG] debug-file - runTaskFromQueue task cost before running: 3 s 212 ms 
[2026-07-10T14:25:59.994] [INFO] debug-file - Finished :entry:default@PreviewUpdateAssets... after 23 ms 
[2026-07-10T14:25:59.997] [DEBUG] debug-file - Executing task :entry:default@PreviewArkTS
[2026-07-10T14:25:59.998] [DEBUG] debug-file - obfuscationOptions: undefined
[2026-07-10T14:26:00.000] [DEBUG] debug-file - Task 'entry:default@PreviewArkTS' cost while wrapping incremental declarations: 1 ms 
[2026-07-10T14:26:00.031] [DEBUG] debug-file - No watchWorker available for preview
[2026-07-10T14:26:00.031] [DEBUG] debug-file - Can not reuse worker, create new worker for preview
[2026-07-10T14:26:00.033] [DEBUG] debug-file - session manager: binding session. socketId=YgyitmxB7oMi-PvLAAAD, threadId=1@1.
[2026-07-10T14:26:00.038] [DEBUG] debug-file - entry : default@PreviewArkTS cost memory 2.038726806640625
[2026-07-10T14:26:32.971] [DEBUG] debug-file - watch worker: send response to session manager. Response type: WatchStart
[2026-07-10T14:26:32.972] [DEBUG] debug-file - session manager: watch message received from worker 1. Type: WatchStart
[2026-07-10T14:26:42.227] [DEBUG] debug-file - watch worker: send response to session manager. Response type: WatchLog
[2026-07-10T14:26:42.228] [DEBUG] debug-file - session manager: watch message received from worker 1. Type: WatchLog
[2026-07-10T14:26:42.227] [DEBUG] debug-file - watch worker: send response to session manager. Response type: WatchLog
[2026-07-10T14:26:42.231] [DEBUG] debug-file - session manager: watch message received from worker 1. Type: WatchLog
[2026-07-10T14:26:42.227] [DEBUG] debug-file - watch worker: send response to session manager. Response type: WatchLog
[2026-07-10T14:26:42.232] [DEBUG] debug-file - session manager: watch message received from worker 1. Type: WatchLog
[2026-07-10T14:26:42.449] [DEBUG] debug-file - watch worker: send response to session manager. Response type: WatchLog
[2026-07-10T14:26:42.452] [DEBUG] debug-file - session manager: watch message received from worker 1. Type: WatchLog
[2026-07-10T14:26:42.449] [DEBUG] debug-file - watch worker: send response to session manager. Response type: WatchLog
[2026-07-10T14:26:42.454] [DEBUG] debug-file - session manager: watch message received from worker 1. Type: WatchLog
[2026-07-10T14:26:42.449] [DEBUG] debug-file - watch worker: send response to session manager. Response type: WatchLog
[2026-07-10T14:26:42.456] [DEBUG] debug-file - session manager: watch message received from worker 1. Type: WatchLog
[2026-07-10T14:26:45.120] [DEBUG] debug-file - watch worker: send response to session manager. Response type: WatchResult
[2026-07-10T14:26:45.121] [DEBUG] debug-file - Ark compile finished.
[2026-07-10T14:26:45.121] [DEBUG] debug-file - session manager: watch message received from worker 1. Type: WatchResult
[2026-07-10T14:26:45.121] [DEBUG] debug-file - default@PreviewArkTS watch work[1] failed.
[2026-07-10T14:26:45.121] [ERROR] debug-file - Failed :entry:default@PreviewArkTS... 
[2026-07-10T14:26:45.122] [DEBUG] debug-file - hvigor build process will be closed with an error.
[2026-07-10T14:26:45.337] [DEBUG] debug-file - ERROR: stacktrace = Error: [31m10505001 ArkTS Compiler Error
Error Message: Module '"@kit.AbilityKit"' has no exported member 'router'. At File: E:/xjtu2-2/c4ai/666/entry/src/main/ets/pages/Index.ets:1:10
[39m[31m10505001 ArkTS Compiler Error
Error Message: File 'E:/xjtu2-2/c4ai/666/entry/src/main/ets/pages/SpacePage.ets' is not a module. At File: E:/xjtu2-2/c4ai/666/entry/src/main/ets/pages/Index.ets:2:27
[39m[31m10505001 ArkTS Compiler Error
Error Message: File 'E:/xjtu2-2/c4ai/666/entry/src/main/ets/pages/EventPage.ets' is not a module. At File: E:/xjtu2-2/c4ai/666/entry/src/main/ets/pages/Index.ets:3:27
[39m[31mArkTS:ERROR File: E:/xjtu2-2/c4ai/666/entry/src/main/ets/pages/Index.ets:1:10
 ERROR Code: 10311006 ArkTS: ERROR
Error Message: 'router' is not exported from Kit '@kit.AbilityKit'.

* Try the following: 
  > Please make sure the Kit apis are consistent with SDK and there's no local modification on Kit apis.
  > For more details on Kit apis, please refer to https://developer.huawei.com/consumer/cn/doc/harmonyos-references-V5/development-intro-api-V5.
[39m[31m10905204 ArkTS Compiler Error
Error Message: 'SpacePage()' does not meet UI component syntax. At File: E:/xjtu2-2/c4ai/666/entry/src/main/ets/pages/Index.ets:47:11
[39m[31m10905204 ArkTS Compiler Error
Error Message: 'EventPage()' does not meet UI component syntax. At File: E:/xjtu2-2/c4ai/666/entry/src/main/ets/pages/Index.ets:52:11
[39m
    at handleResponse (D:\new\deveco\tools\hvigor\hvigor\src\base\internal\pool\worker-pool\watch-worker.js:1:2210)
    at async Worker.<anonymous> (D:\new\deveco\tools\hvigor\hvigor\src\base\internal\pool\worker-pool\watch-worker.js:1:4360)
[2026-07-10T14:26:45.337] [ERROR] debug-file - Error: [31m10505001 ArkTS Compiler Error
Error Message: Module '"@kit.AbilityKit"' has no exported member 'router'. At File: E:/xjtu2-2/c4ai/666/entry/src/main/ets/pages/Index.ets:1:10
[39m[31m10505001 ArkTS Compiler Error
Error Message: File 'E:/xjtu2-2/c4ai/666/entry/src/main/ets/pages/SpacePage.ets' is not a module. At File: E:/xjtu2-2/c4ai/666/entry/src/main/ets/pages/Index.ets:2:27
[39m[31m10505001 ArkTS Compiler Error
Error Message: File 'E:/xjtu2-2/c4ai/666/entry/src/main/ets/pages/EventPage.ets' is not a module. At File: E:/xjtu2-2/c4ai/666/entry/src/main/ets/pages/Index.ets:3:27
[39m[31mArkTS:ERROR File: E:/xjtu2-2/c4ai/666/entry/src/main/ets/pages/Index.ets:1:10
 ERROR Code: 10311006 ArkTS: ERROR
Error Message: 'router' is not exported from Kit '@kit.AbilityKit'.

* Try the following: 
  > Please make sure the Kit apis are consistent with SDK and there's no local modification on Kit apis.
  > For more details on Kit apis, please refer to https://developer.huawei.com/consumer/cn/doc/harmonyos-references-V5/development-intro-api-V5.
[39m[31m10905204 ArkTS Compiler Error
Error Message: 'SpacePage()' does not meet UI component syntax. At File: E:/xjtu2-2/c4ai/666/entry/src/main/ets/pages/Index.ets:47:11
[39m[31m10905204 ArkTS Compiler Error
Error Message: 'EventPage()' does not meet UI component syntax. At File: E:/xjtu2-2/c4ai/666/entry/src/main/ets/pages/Index.ets:52:11
[39m
    at handleResponse (D:\new\deveco\tools\hvigor\hvigor\src\base\internal\pool\worker-pool\watch-worker.js:1:2210)
    at async Worker.<anonymous> (D:\new\deveco\tools\hvigor\hvigor\src\base\internal\pool\worker-pool\watch-worker.js:1:4360)
[2026-07-10T14:26:45.355] [ERROR] debug-file - BUILD FAILED in 48 s 574 ms 
[2026-07-10T14:26:45.357] [DEBUG] debug-file - Update task entry:default@PreBuild input file:E:\xjtu2-2\c4ai\666\AppScope\app.json5 cache by regenerate.
[2026-07-10T14:26:45.358] [DEBUG] debug-file - Update task entry:default@PreBuild input file:E:\xjtu2-2\c4ai\666\entry\src\main\module.json5 cache by regenerate.
[2026-07-10T14:26:45.358] [DEBUG] debug-file - Update task entry:default@PreBuild input file:E:\xjtu2-2\c4ai\666\build-profile.json5 cache by regenerate.
[2026-07-10T14:26:45.359] [DEBUG] debug-file - Update task entry:default@PreBuild input file:E:\xjtu2-2\c4ai\666\entry\build-profile.json5 cache by regenerate.
[2026-07-10T14:26:45.359] [DEBUG] debug-file - Update task entry:default@PreBuild input file:E:\xjtu2-2\c4ai\666\entry\src\main\resources\base\profile\main_pages.json cache by regenerate.
[2026-07-10T14:26:45.360] [DEBUG] debug-file - Update task entry:default@PreBuild input file:E:\xjtu2-2\c4ai\666\hvigor\hvigor-config.json5 cache by regenerate.
[2026-07-10T14:26:45.360] [DEBUG] debug-file - Update task entry:default@PreBuild input file:E:\xjtu2-2\c4ai\666\entry\src\mock\mock-config.json5 cache by regenerate.
[2026-07-10T14:26:45.360] [DEBUG] debug-file - Update task entry:default@PreBuild input file:E:\xjtu2-2\c4ai\666\entry\oh-package.json5 cache by regenerate.
[2026-07-10T14:26:45.361] [DEBUG] debug-file - Update task entry:default@PreBuild input file:E:\xjtu2-2\c4ai\666\oh-package.json5 cache by regenerate.
[2026-07-10T14:26:45.361] [DEBUG] debug-file - Incremental task entry:default@PreBuild post-execution cost:6 ms .
[2026-07-10T14:26:45.362] [DEBUG] debug-file - Update task entry:default@CreateModuleInfo output file:E:\xjtu2-2\c4ai\666\entry\.preview\default\generated\profile\default\ModuleInfo.ts cache.
[2026-07-10T14:26:45.362] [DEBUG] debug-file - Incremental task entry:default@CreateModuleInfo post-execution cost:1 ms .
[2026-07-10T14:26:45.362] [DEBUG] debug-file - Update task entry:default@MergeProfile input file:E:\xjtu2-2\c4ai\666\AppScope\app.json5 cache by regenerate.
[2026-07-10T14:26:45.363] [DEBUG] debug-file - Update task entry:default@MergeProfile input file:E:\xjtu2-2\c4ai\666\build-profile.json5 cache by regenerate.
[2026-07-10T14:26:45.363] [DEBUG] debug-file - Update task entry:default@MergeProfile input file:E:\xjtu2-2\c4ai\666\entry\src\main\module.json5 cache by regenerate.
[2026-07-10T14:26:45.364] [DEBUG] debug-file - Update task entry:default@MergeProfile output file:E:\xjtu2-2\c4ai\666\entry\.preview\default\intermediates\merge_profile\default\module.json cache.
[2026-07-10T14:26:45.364] [DEBUG] debug-file - Incremental task entry:default@MergeProfile post-execution cost:2 ms .
[2026-07-10T14:26:45.364] [DEBUG] debug-file - Update task entry:default@CreateBuildProfile input file:E:\xjtu2-2\c4ai\666\AppScope\app.json5 cache by regenerate.
[2026-07-10T14:26:45.365] [DEBUG] debug-file - Update task entry:default@CreateBuildProfile input file:E:\xjtu2-2\c4ai\666\build-profile.json5 cache by regenerate.
[2026-07-10T14:26:45.365] [DEBUG] debug-file - Update task entry:default@CreateBuildProfile output file:E:\xjtu2-2\c4ai\666\entry\.preview\default\generated\profile\default\BuildProfile.ets cache.
[2026-07-10T14:26:45.366] [DEBUG] debug-file - Incremental task entry:default@CreateBuildProfile post-execution cost:2 ms .
[2026-07-10T14:26:45.366] [DEBUG] debug-file - Update task entry:default@GeneratePkgContextInfo output file:E:\xjtu2-2\c4ai\666\entry\.preview\default\intermediates\loader\default\pkgContextInfo.json cache.
[2026-07-10T14:26:45.367] [DEBUG] debug-file - Incremental task entry:default@GeneratePkgContextInfo post-execution cost:2 ms .
[2026-07-10T14:26:45.368] [DEBUG] debug-file - Update task entry:default@ProcessProfile input file:E:\xjtu2-2\c4ai\666\entry\.preview\default\intermediates\merge_profile\default\module.json cache by regenerate.
[2026-07-10T14:26:45.368] [DEBUG] debug-file - Update task entry:default@ProcessProfile output file:E:\xjtu2-2\c4ai\666\entry\.preview\default\intermediates\process_profile\default\module.json cache.
[2026-07-10T14:26:45.369] [DEBUG] debug-file - Incremental task entry:default@ProcessProfile post-execution cost:1 ms .
[2026-07-10T14:26:45.369] [DEBUG] debug-file - Update task entry:default@ProcessRouterMap input file:E:\xjtu2-2\c4ai\666\entry\oh-package.json5 cache by regenerate.
[2026-07-10T14:26:45.370] [DEBUG] debug-file - Update task entry:default@ProcessRouterMap input file:E:\xjtu2-2\c4ai\666\oh-package.json5 cache by regenerate.
[2026-07-10T14:26:45.370] [DEBUG] debug-file - Update task entry:default@ProcessRouterMap input file:E:\xjtu2-2\c4ai\666\entry\src\main\module.json5 cache by regenerate.
[2026-07-10T14:26:45.370] [DEBUG] debug-file - Update task entry:default@ProcessRouterMap input file:E:\xjtu2-2\c4ai\666\entry\.preview\default\intermediates\loader\default\pkgContextInfo.json cache by regenerate.
[2026-07-10T14:26:45.371] [DEBUG] debug-file - Update task entry:default@ProcessRouterMap output file:E:\xjtu2-2\c4ai\666\entry\.preview\default\intermediates\router_map\default\temp-router-map.json cache.
[2026-07-10T14:26:45.371] [DEBUG] debug-file - Update task entry:default@ProcessRouterMap output file:E:\xjtu2-2\c4ai\666\entry\.preview\default\intermediates\router_map\default\loader-router-map.json cache.
[2026-07-10T14:26:45.371] [DEBUG] debug-file - Incremental task entry:default@ProcessRouterMap post-execution cost:3 ms .
[2026-07-10T14:26:45.372] [DEBUG] debug-file - Update task entry:default@ProcessShareConfig input file:E:\xjtu2-2\c4ai\666\entry\oh-package.json5 cache by regenerate.
[2026-07-10T14:26:45.372] [DEBUG] debug-file - Update task entry:default@ProcessShareConfig input file:E:\xjtu2-2\c4ai\666\oh-package.json5 cache by regenerate.
[2026-07-10T14:26:45.373] [DEBUG] debug-file - Update task entry:default@ProcessShareConfig input file:E:\xjtu2-2\c4ai\666\entry\src\main\module.json5 cache by regenerate.
[2026-07-10T14:26:45.373] [DEBUG] debug-file - Update task entry:default@ProcessShareConfig input file:E:\xjtu2-2\c4ai\666\entry\.preview\default\intermediates\loader\default\pkgContextInfo.json cache by regenerate.
[2026-07-10T14:26:45.373] [DEBUG] debug-file - Update task entry:default@ProcessShareConfig output file:E:\xjtu2-2\c4ai\666\entry\.preview\default\intermediates\share_config\default\temp-share-config.json cache.
[2026-07-10T14:26:45.374] [DEBUG] debug-file - Incremental task entry:default@ProcessShareConfig post-execution cost:3 ms .
[2026-07-10T14:26:45.374] [DEBUG] debug-file - Update task entry:default@ProcessStartupConfig input file:E:\xjtu2-2\c4ai\666\entry\.preview\default\intermediates\loader\default\pkgContextInfo.json cache by regenerate.
[2026-07-10T14:26:45.374] [DEBUG] debug-file - Update task entry:default@ProcessStartupConfig output file:E:\xjtu2-2\c4ai\666\entry\.preview\default\intermediates\startup\default\startup_config.json cache.
[2026-07-10T14:26:45.374] [DEBUG] debug-file - Incremental task entry:default@ProcessStartupConfig post-execution cost:1 ms .
[2026-07-10T14:26:45.376] [DEBUG] debug-file - Update task entry:default@GenerateLoaderJson input file:E:\xjtu2-2\c4ai\666\entry\src\mock\mock-config.json5 cache by regenerate.
[2026-07-10T14:26:45.376] [DEBUG] debug-file - Update task entry:default@GenerateLoaderJson input file:E:\xjtu2-2\c4ai\666\entry\.preview\default\intermediates\loader\default\pkgContextInfo.json cache by regenerate.
[2026-07-10T14:26:45.376] [DEBUG] debug-file - Update task entry:default@GenerateLoaderJson input file:E:\xjtu2-2\c4ai\666\entry\.preview\default\intermediates\router_map\default\temp-router-map.json cache by regenerate.
[2026-07-10T14:26:45.377] [DEBUG] debug-file - Update task entry:default@GenerateLoaderJson output file:E:\xjtu2-2\c4ai\666\entry\.preview\default\intermediates\loader\default\loader.json cache.
[2026-07-10T14:26:45.377] [DEBUG] debug-file - Incremental task entry:default@GenerateLoaderJson post-execution cost:3 ms .
[2026-07-10T14:26:45.377] [DEBUG] debug-file - Update task entry:default@PreviewCompileResource input file:E:\xjtu2-2\c4ai\666\entry\src\main\resources cache by regenerate.
[2026-07-10T14:26:45.383] [DEBUG] debug-file - Update task entry:default@PreviewCompileResource input file:E:\xjtu2-2\c4ai\666\entry\.preview\default\intermediates\merge_profile\default\module.json cache by regenerate.
[2026-07-10T14:26:45.384] [DEBUG] debug-file - Update task entry:default@PreviewCompileResource output file:E:\xjtu2-2\c4ai\666\entry\.preview\default\intermediates\res\default cache.
[2026-07-10T14:26:45.392] [DEBUG] debug-file - Update task entry:default@PreviewCompileResource output file:E:\xjtu2-2\c4ai\666\entry\.preview\default\generated\r\default cache.
[2026-07-10T14:26:45.393] [DEBUG] debug-file - Incremental task entry:default@PreviewCompileResource post-execution cost:17 ms .
[2026-07-10T14:26:45.394] [DEBUG] debug-file - Update task entry:default@CopyPreviewProfile input file:E:\xjtu2-2\c4ai\666\entry\src\main\resources\base\profile cache by regenerate.
[2026-07-10T14:26:45.394] [DEBUG] debug-file - Update task entry:default@CopyPreviewProfile output file:E:\xjtu2-2\c4ai\666\entry\.preview\default\intermediates\res\default\resources\base\profile cache.
[2026-07-10T14:26:45.395] [DEBUG] debug-file - Incremental task entry:default@CopyPreviewProfile post-execution cost:2 ms .
[2026-07-10T14:26:45.396] [DEBUG] debug-file - Update task entry:default@PreviewUpdateAssets output file:E:\xjtu2-2\c4ai\666\entry\.preview\default\intermediates\res\default\module.json cache.
[2026-07-10T14:26:45.396] [DEBUG] debug-file - Update task entry:default@PreviewUpdateAssets output file:E:\xjtu2-2\c4ai\666\entry\.preview\default\intermediates\res\default\resources\base\profile\main_pages.json cache.
[2026-07-10T14:26:45.397] [DEBUG] debug-file - Incremental task entry:default@PreviewUpdateAssets post-execution cost:2 ms .
[2026-07-10T14:26:45.401] [DEBUG] debug-file - Update task entry:default@PreviewArkTS input file:E:\xjtu2-2\c4ai\666\entry\.preview\default\intermediates\loader\default cache by regenerate.
[2026-07-10T14:26:45.403] [DEBUG] debug-file - Update task entry:default@PreviewArkTS input file:E:\xjtu2-2\c4ai\666\entry\.preview\default\intermediates\res\default\ResourceTable.txt cache by regenerate.
[2026-07-10T14:26:45.403] [DEBUG] debug-file - Update task entry:default@PreviewArkTS input file:E:\xjtu2-2\c4ai\666\entry\.preview\default\intermediates\process_profile\default\module.json cache by regenerate.
[2026-07-10T14:26:45.404] [DEBUG] debug-file - Update task entry:default@PreviewArkTS input file:E:\xjtu2-2\c4ai\666\entry\.preview\default\intermediates\res\default\resources\base\profile cache by regenerate.
[2026-07-10T14:26:45.406] [DEBUG] debug-file - Update task entry:default@PreviewArkTS input file:E:\xjtu2-2\c4ai\666\entry\src\main\ets cache by regenerate.
[2026-07-10T14:26:45.409] [DEBUG] debug-file - Update task entry:default@PreviewArkTS input file:E:\xjtu2-2\c4ai\666\entry\.preview\default\intermediates\loader\default\pkgContextInfo.json cache by regenerate.
[2026-07-10T14:26:45.410] [DEBUG] debug-file - Update task entry:default@PreviewArkTS input file:E:\xjtu2-2\c4ai\666\entry\.preview\default\generated\profile\default\BuildProfile.ets cache by regenerate.
[2026-07-10T14:26:45.410] [DEBUG] debug-file - Update task entry:default@PreviewArkTS input file:E:\xjtu2-2\c4ai\666\entry\src\mock\mock-config.json5 cache by regenerate.
[2026-07-10T14:26:45.411] [DEBUG] debug-file - Update task entry:default@PreviewArkTS output file:E:\xjtu2-2\c4ai\666\entry\.preview\default\intermediates\loader_out\default\ets cache.
[2026-07-10T14:26:45.412] [DEBUG] debug-file - Incremental task entry:default@PreviewArkTS post-execution cost:15 ms .
[2026-07-10T14:26:45.439] [DEBUG] debug-file - There's no busy workers and idle workers need cleanup.
[2026-07-10T14:26:45.440] [DEBUG] debug-file - hvigor build process will be closed.
[2026-07-10T14:26:45.454] [DEBUG] debug-file - session manager: send message to worker process.
[2026-07-10T14:26:45.455] [DEBUG] debug-file - session manager: send message to worker process.
[2026-07-10T14:26:45.460] [DEBUG] debug-file - watch worker: worker is ready to be terminated.
[2026-07-10T14:26:45.460] [DEBUG] debug-file - Server currently has 0 watch-worker
[2026-07-10T14:42:35.580] [DEBUG] debug-file - session manager: set active socket. socketId=dyAFs6PQtDtY_PMwAAAF
[2026-07-10T14:42:35.596] [DEBUG] debug-file - watch worker: worker id should be larger than 0. Nothing will be sent to any worker thread.
[2026-07-10T14:42:35.602] [DEBUG] debug-file - Workers' log level updated to INFO
[2026-07-10T14:42:35.606] [DEBUG] debug-file - Hvigor init with startParameters:{
  hvigorfileTypeCheck: false,
  parallelExecution: true,
  incrementalExecution: true,
  printStackTrace: false,
  daemon: true,
  analyze: 0,
  logLevel: Level { level: 20000, levelStr: 'INFO', colour: 'green' },
  optimizationStrategy: 'memory',
  hotCompile: undefined,
  hotReloadBuild: undefined,
  customizedParam: undefined
}
[2026-07-10T14:42:35.609] [DEBUG] debug-file - Cache service initialization finished in 4 ms 
[2026-07-10T14:42:35.610] [DEBUG] debug-file - hvigorfile, resolving E:\xjtu2-2\c4ai\666\hvigorfile.ts
[2026-07-10T14:42:35.616] [DEBUG] debug-file - hvigorfile, require result:  { default: { plugins: [] } }
[2026-07-10T14:42:35.617] [DEBUG] debug-file - hvigorfile, binding system plugins null
[2026-07-10T14:42:35.617] [DEBUG] debug-file - Starting plugin build process
[2026-07-10T14:42:35.617] [DEBUG] debug-file - App plugin prepare start...
[2026-07-10T14:42:35.617] [DEBUG] debug-file - App plugin prepare end...
[2026-07-10T14:42:35.617] [DEBUG] debug-file - App plugin creating...
[2026-07-10T14:42:35.624] [DEBUG] debug-file - App plugin register hook start...
[2026-07-10T14:42:35.624] [DEBUG] debug-file - App plugin register hook end...
[2026-07-10T14:42:35.624] [DEBUG] debug-file - Plugin build process completed
[2026-07-10T14:42:35.624] [DEBUG] debug-file - Start initialize project's product build option map with build mode debug.
[2026-07-10T14:42:35.624] [DEBUG] debug-file - Picking option from product 'default' with build mode 'debug'.
[2026-07-10T14:42:35.624] [DEBUG] debug-file - Product 'default' build option initialized
[2026-07-10T14:42:35.625] [DEBUG] debug-file - End initialize project's product build option map with build mode 'debug'.
[2026-07-10T14:42:35.625] [DEBUG] debug-file - Obtain build option for product 'default'in this build.
[2026-07-10T14:42:35.630] [DEBUG] debug-file - No signingConfig found, initRemoteHspCache failed.
[2026-07-10T14:42:35.633] [DEBUG] debug-file - Start recording SDK configuration permission data.
[2026-07-10T14:42:35.662] [DEBUG] debug-file - Sdk init in 32 ms 
[2026-07-10T14:42:35.665] [DEBUG] debug-file - Project task initialization takes 3 ms 
[2026-07-10T14:42:35.665] [DEBUG] debug-file - hvigorfile, begin to bind custom plugins...
[2026-07-10T14:42:35.665] [DEBUG] debug-file - hvigorfile, no custom plugins were found in E:\xjtu2-2\c4ai\666\hvigorfile.ts
[2026-07-10T14:42:35.665] [DEBUG] debug-file - hvigorfile, resolve finished E:\xjtu2-2\c4ai\666\hvigorfile.ts
[2026-07-10T14:42:35.666] [DEBUG] debug-file - hvigorfile, resolving E:\xjtu2-2\c4ai\666\entry\hvigorfile.ts
[2026-07-10T14:42:35.670] [DEBUG] debug-file - hvigorfile, require result:  { default: { plugins: [] } }
[2026-07-10T14:42:35.670] [DEBUG] debug-file - hvigorfile, binding system plugins null
[2026-07-10T14:42:35.670] [DEBUG] debug-file - Starting plugin build process
[2026-07-10T14:42:35.670] [DEBUG] debug-file - Hap plugin creating...
[2026-07-10T14:42:35.672] [DEBUG] debug-file - failed to load cangjie to dynamically generate schemas: Error: Cannot find module '@ohos/cangjie-build-support/index'
Require stack:
- D:\new\deveco\tools\hvigor\hvigor-ohos-plugin\src\plugin\hooks\cangjie-register.js
- D:\new\deveco\tools\hvigor\hvigor-ohos-plugin\src\plugin\strategy\stage-init-strategy.js
- D:\new\deveco\tools\hvigor\hvigor-ohos-plugin\src\plugin\builder\abstract-plugin-builder.js
- D:\new\deveco\tools\hvigor\hvigor-ohos-plugin\src\plugin\builder\app-plugin-builder.js
- D:\new\deveco\tools\hvigor\hvigor-ohos-plugin\src\plugin\factory\plugin-factory.js
- D:\new\deveco\tools\hvigor\hvigor-ohos-plugin\index.js
- E:\xjtu2-2\c4ai\666\hvigorfile.ts
- D:\new\deveco\tools\hvigor\hvigor\src\base\internal\lifecycle\configuration.js
- D:\new\deveco\tools\hvigor\hvigor\src\base\boot\index.js
- D:\new\deveco\tools\hvigor\hvigor\src\base\daemon\cluster\worker-process-lifecycle.js
- D:\new\deveco\tools\hvigor\hvigor\src\base\daemon\process\daemon-process-boot-script.js
[2026-07-10T14:42:35.677] [DEBUG] debug-file - Start initialize module-target build option map, moduleName=entry, buildMode=debug
[2026-07-10T14:42:35.678] [DEBUG] debug-file - Target 'default' config initialized
[2026-07-10T14:42:35.678] [DEBUG] debug-file - Target 'ohosTest' config initialized
[2026-07-10T14:42:35.678] [DEBUG] debug-file - Module 'entry' target 'default' build option initialized
[2026-07-10T14:42:35.678] [DEBUG] debug-file - Module 'entry' target 'ohosTest' build option initialized
[2026-07-10T14:42:35.678] [DEBUG] debug-file - End initialize module-target build option map, moduleName=entry
[2026-07-10T14:42:35.678] [DEBUG] debug-file - Start initialize module-target build option map, moduleName=entry, buildMode=release
[2026-07-10T14:42:35.678] [DEBUG] debug-file - Target 'default' config initialized
[2026-07-10T14:42:35.679] [DEBUG] debug-file - Target 'ohosTest' config initialized
[2026-07-10T14:42:35.679] [DEBUG] debug-file - Module 'entry' target 'default' build option initialized
[2026-07-10T14:42:35.679] [DEBUG] debug-file - Module 'entry' target 'ohosTest' build option initialized
[2026-07-10T14:42:35.679] [DEBUG] debug-file - End initialize module-target build option map, moduleName=entry
[2026-07-10T14:42:35.679] [DEBUG] debug-file - Start initialize module-target build option map, moduleName=entry, buildMode=debug
[2026-07-10T14:42:35.679] [DEBUG] debug-file - Target 'default' config initialized
[2026-07-10T14:42:35.679] [DEBUG] debug-file - Target 'ohosTest' config initialized
[2026-07-10T14:42:35.679] [DEBUG] debug-file - Module 'entry' target 'default' build option initialized
[2026-07-10T14:42:35.679] [DEBUG] debug-file - Module 'entry' target 'ohosTest' build option initialized
[2026-07-10T14:42:35.679] [DEBUG] debug-file - End initialize module-target build option map, moduleName=entry
[2026-07-10T14:42:35.679] [DEBUG] debug-file - Obtain build option for module 'entry' target 'default'in this build.
[2026-07-10T14:42:35.680] [DEBUG] debug-file - Module entry task initialization takes 1 ms 
[2026-07-10T14:42:35.680] [DEBUG] debug-file - Hap plugin register hook start...
[2026-07-10T14:42:35.681] [DEBUG] debug-file - Hap plugin register hook end...
[2026-07-10T14:42:35.681] [DEBUG] debug-file - Plugin build process completed
[2026-07-10T14:42:35.681] [DEBUG] debug-file - hvigorfile, begin to bind custom plugins...
[2026-07-10T14:42:35.681] [DEBUG] debug-file - hvigorfile, no custom plugins were found in E:\xjtu2-2\c4ai\666\entry\hvigorfile.ts
[2026-07-10T14:42:35.681] [DEBUG] debug-file - hvigorfile, resolve finished E:\xjtu2-2\c4ai\666\entry\hvigorfile.ts
[2026-07-10T14:42:35.696] [DEBUG] debug-file - hvigorfile, resolve hvigorfile dependencies in 15 ms 
[2026-07-10T14:42:35.696] [DEBUG] debug-file - project has submodules:entry
[2026-07-10T14:42:35.697] [DEBUG] debug-file - start to load updatedOhPackageInfo to the disk
[2026-07-10T14:42:35.699] [DEBUG] debug-file - load to the disk finished
[2026-07-10T14:42:35.699] [DEBUG] debug-file - Start to initialize dependency information.
[2026-07-10T14:42:35.704] [DEBUG] debug-file - Module 666 Collected Dependency: 
[2026-07-10T14:42:35.704] [DEBUG] debug-file - Module 666's total dependency: 0
[2026-07-10T14:42:35.704] [DEBUG] debug-file - Start to initialize dependency information.
[2026-07-10T14:42:35.706] [DEBUG] debug-file - Module entry Collected Dependency: 
[2026-07-10T14:42:35.706] [DEBUG] debug-file - Module entry's total dependency: 0
[2026-07-10T14:42:35.707] [DEBUG] debug-file - Configuration phase cost:98 ms 
[2026-07-10T14:42:35.708] [DEBUG] debug-file - Configuration task cost before running: 106 ms 
[2026-07-10T14:42:35.711] [DEBUG] debug-file - Executing task :entry:default@PreBuild
[2026-07-10T14:42:35.713] [DEBUG] debug-file - Task 'entry:default@PreBuild' cost while wrapping incremental declarations: 1 ms 
[2026-07-10T14:42:35.722] [DEBUG] debug-file - Incremental task entry:default@PreBuild pre-execution cost: 7 ms .
[2026-07-10T14:42:35.722] [DEBUG] debug-file - entry : default@PreBuild cost memory 0.5846633911132812
[2026-07-10T14:42:35.724] [INFO] debug-file - UP-TO-DATE :entry:default@PreBuild...  
[2026-07-10T14:42:35.726] [DEBUG] debug-file - Executing task :entry:default@CreateModuleInfo
[2026-07-10T14:42:35.726] [DEBUG] debug-file - Task 'entry:default@CreateModuleInfo' cost while wrapping incremental declarations: 1 ms 
[2026-07-10T14:42:35.726] [DEBUG] debug-file - entry : default@CreateModuleInfo cost memory 0.04190826416015625
[2026-07-10T14:42:35.726] [DEBUG] debug-file - runTaskFromQueue task cost before running: 124 ms 
[2026-07-10T14:42:35.726] [INFO] debug-file - Finished :entry:default@CreateModuleInfo... after 1 ms 
[2026-07-10T14:42:35.727] [DEBUG] debug-file - Executing task :entry:default@MergeProfile
[2026-07-10T14:42:35.727] [DEBUG] debug-file - Task 'entry:default@MergeProfile' cost while wrapping incremental declarations: 1 ms 
[2026-07-10T14:42:35.729] [DEBUG] debug-file - Incremental task entry:default@MergeProfile pre-execution cost: 2 ms .
[2026-07-10T14:42:35.729] [DEBUG] debug-file - entry : default@MergeProfile cost memory 0.12369537353515625
[2026-07-10T14:42:35.729] [INFO] debug-file - UP-TO-DATE :entry:default@MergeProfile...  
[2026-07-10T14:42:35.730] [DEBUG] debug-file - Executing task :entry:default@CreateBuildProfile
[2026-07-10T14:42:35.730] [DEBUG] debug-file - Task 'entry:default@CreateBuildProfile' cost while wrapping incremental declarations: 1 ms 
[2026-07-10T14:42:35.732] [DEBUG] debug-file - Incremental task entry:default@CreateBuildProfile pre-execution cost: 2 ms .
[2026-07-10T14:42:35.732] [DEBUG] debug-file - entry : default@CreateBuildProfile cost memory 0.10323333740234375
[2026-07-10T14:42:35.732] [INFO] debug-file - UP-TO-DATE :entry:default@CreateBuildProfile...  
[2026-07-10T14:42:35.733] [DEBUG] debug-file - Executing task :entry:default@PreCheckSyscap
[2026-07-10T14:42:35.733] [DEBUG] debug-file - entry : default@PreCheckSyscap cost memory 0.01470184326171875
[2026-07-10T14:42:35.733] [DEBUG] debug-file - runTaskFromQueue task cost before running: 131 ms 
[2026-07-10T14:42:35.733] [INFO] debug-file - Finished :entry:default@PreCheckSyscap... after 1 ms 
[2026-07-10T14:42:35.734] [DEBUG] debug-file - Executing task :entry:default@GeneratePkgContextInfo
[2026-07-10T14:42:35.739] [DEBUG] debug-file - Task 'entry:default@GeneratePkgContextInfo' cost while wrapping incremental declarations: 1 ms 
[2026-07-10T14:42:35.740] [DEBUG] debug-file - Incremental task entry:default@GeneratePkgContextInfo pre-execution cost: 1 ms .
[2026-07-10T14:42:35.740] [DEBUG] debug-file - entry : default@GeneratePkgContextInfo cost memory 0.2811279296875
[2026-07-10T14:42:35.740] [INFO] debug-file - UP-TO-DATE :entry:default@GeneratePkgContextInfo...  
[2026-07-10T14:42:35.741] [DEBUG] debug-file - Executing task :entry:default@ProcessProfile
[2026-07-10T14:42:35.742] [DEBUG] debug-file - Task 'entry:default@ProcessProfile' cost while wrapping incremental declarations: 1 ms 
[2026-07-10T14:42:35.743] [DEBUG] debug-file - Incremental task entry:default@ProcessProfile pre-execution cost: 1 ms .
[2026-07-10T14:42:35.743] [DEBUG] debug-file - entry : default@ProcessProfile cost memory 0.132781982421875
[2026-07-10T14:42:35.743] [INFO] debug-file - UP-TO-DATE :entry:default@ProcessProfile...  
[2026-07-10T14:42:35.744] [DEBUG] debug-file - Executing task :entry:default@ProcessRouterMap
[2026-07-10T14:42:35.746] [DEBUG] debug-file - Incremental task entry:default@ProcessRouterMap pre-execution cost: 2 ms .
[2026-07-10T14:42:35.746] [DEBUG] debug-file - entry : default@ProcessRouterMap cost memory 0.14731597900390625
[2026-07-10T14:42:35.746] [INFO] debug-file - UP-TO-DATE :entry:default@ProcessRouterMap...  
[2026-07-10T14:42:35.748] [DEBUG] debug-file - Executing task :entry:default@ProcessShareConfig
[2026-07-10T14:42:35.750] [DEBUG] debug-file - Incremental task entry:default@ProcessShareConfig pre-execution cost: 2 ms .
[2026-07-10T14:42:35.750] [DEBUG] debug-file - entry : default@ProcessShareConfig cost memory 0.12531280517578125
[2026-07-10T14:42:35.750] [INFO] debug-file - UP-TO-DATE :entry:default@ProcessShareConfig...  
[2026-07-10T14:42:35.752] [DEBUG] debug-file - Executing task :entry:default@ProcessStartupConfig
[2026-07-10T14:42:35.752] [DEBUG] debug-file - Task 'entry:default@ProcessStartupConfig' cost while wrapping incremental declarations: 1 ms 
[2026-07-10T14:42:35.753] [DEBUG] debug-file - entry:default@ProcessStartupConfig is not up-to-date, since the output file 'E:\xjtu2-2\c4ai\666\entry\.preview\default\intermediates\startup\default\startup_config.json' does not exist.
[2026-07-10T14:42:35.753] [DEBUG] debug-file - Incremental task entry:default@ProcessStartupConfig pre-execution cost: 1 ms .
[2026-07-10T14:42:35.753] [DEBUG] debug-file - entry : default@ProcessStartupConfig cost memory 0.1201019287109375
[2026-07-10T14:42:35.753] [DEBUG] debug-file - runTaskFromQueue task cost before running: 151 ms 
[2026-07-10T14:42:35.754] [INFO] debug-file - Finished :entry:default@ProcessStartupConfig... after 2 ms 
[2026-07-10T14:42:35.755] [DEBUG] debug-file - restool module names: entry; moduleName=entry, taskName=default@PreviewProcessResource
[2026-07-10T14:42:35.756] [DEBUG] debug-file - Executing task :entry:default@PreviewProcessResource
[2026-07-10T14:42:35.756] [DEBUG] debug-file - Task 'entry:default@PreviewProcessResource' cost while wrapping incremental declarations: 1 ms 
[2026-07-10T14:42:35.756] [DEBUG] debug-file - entry : default@PreviewProcessResource cost memory 0.05266571044921875
[2026-07-10T14:42:35.757] [DEBUG] debug-file - runTaskFromQueue task cost before running: 155 ms 
[2026-07-10T14:42:35.757] [INFO] debug-file - Finished :entry:default@PreviewProcessResource... after 2 ms 
[2026-07-10T14:42:35.759] [DEBUG] debug-file - Executing task :entry:default@GenerateLoaderJson
[2026-07-10T14:42:35.761] [DEBUG] debug-file - Task 'entry:default@GenerateLoaderJson' cost while wrapping incremental declarations: 1 ms 
[2026-07-10T14:42:35.767] [DEBUG] debug-file - Incremental task entry:default@GenerateLoaderJson pre-execution cost: 4 ms .
[2026-07-10T14:42:35.768] [DEBUG] debug-file - entry : default@GenerateLoaderJson cost memory 0.5564651489257812
[2026-07-10T14:42:35.771] [INFO] debug-file - UP-TO-DATE :entry:default@GenerateLoaderJson...  
[2026-07-10T14:42:35.772] [DEBUG] debug-file - restool module names: entry; moduleName=entry, taskName=default@PreviewCompileResource
[2026-07-10T14:42:35.772] [DEBUG] debug-file - Executing task :entry:default@PreviewCompileResource
[2026-07-10T14:42:35.782] [DEBUG] debug-file - Incremental task entry:default@PreviewCompileResource pre-execution cost: 9 ms .
[2026-07-10T14:42:35.782] [DEBUG] debug-file - entry : default@PreviewCompileResource cost memory -1.1563491821289062
[2026-07-10T14:42:35.782] [INFO] debug-file - UP-TO-DATE :entry:default@PreviewCompileResource...  
[2026-07-10T14:42:35.783] [DEBUG] debug-file - Executing task :entry:default@PreviewHookCompileResource
[2026-07-10T14:42:35.783] [DEBUG] debug-file - entry : default@PreviewHookCompileResource cost memory 0.0147552490234375
[2026-07-10T14:42:35.783] [DEBUG] debug-file - runTaskFromQueue task cost before running: 181 ms 
[2026-07-10T14:42:35.783] [INFO] debug-file - Finished :entry:default@PreviewHookCompileResource... after 1 ms 
[2026-07-10T14:42:35.784] [DEBUG] debug-file - Executing task :entry:default@CopyPreviewProfile
[2026-07-10T14:42:35.785] [DEBUG] debug-file - Incremental task entry:default@CopyPreviewProfile pre-execution cost: 2 ms .
[2026-07-10T14:42:35.785] [DEBUG] debug-file - entry : default@CopyPreviewProfile cost memory 0.09813690185546875
[2026-07-10T14:42:35.786] [INFO] debug-file - UP-TO-DATE :entry:default@CopyPreviewProfile...  
[2026-07-10T14:42:35.786] [DEBUG] debug-file - Executing task :entry:default@ReplacePreviewerPage
[2026-07-10T14:42:35.787] [DEBUG] debug-file - entry : default@ReplacePreviewerPage cost memory 0.01476287841796875
[2026-07-10T14:42:35.787] [DEBUG] debug-file - runTaskFromQueue task cost before running: 185 ms 
[2026-07-10T14:42:35.787] [INFO] debug-file - Finished :entry:default@ReplacePreviewerPage... after 1 ms 
[2026-07-10T14:42:35.787] [DEBUG] debug-file - Executing task :entry:buildPreviewerResource
[2026-07-10T14:42:35.787] [DEBUG] debug-file - entry : buildPreviewerResource cost memory 0.012786865234375
[2026-07-10T14:42:35.787] [DEBUG] debug-file - runTaskFromQueue task cost before running: 185 ms 
[2026-07-10T14:42:35.787] [INFO] debug-file - Finished :entry:buildPreviewerResource... after 1 ms 
[2026-07-10T14:42:35.788] [DEBUG] debug-file - Executing task :entry:default@PreviewUpdateAssets
[2026-07-10T14:42:35.790] [DEBUG] debug-file - entry:default@PreviewUpdateAssets is not up-to-date, since the task snapshots are different.
[2026-07-10T14:42:35.790] [DEBUG] debug-file - Incremental task entry:default@PreviewUpdateAssets pre-execution cost: 2 ms .
[2026-07-10T14:42:35.791] [DEBUG] debug-file - entry : default@PreviewUpdateAssets cost memory 0.1179351806640625
[2026-07-10T14:42:35.791] [DEBUG] debug-file - runTaskFromQueue task cost before running: 189 ms 
[2026-07-10T14:42:35.791] [INFO] debug-file - Finished :entry:default@PreviewUpdateAssets... after 3 ms 
[2026-07-10T14:42:35.793] [DEBUG] debug-file - Executing task :entry:default@PreviewArkTS
[2026-07-10T14:42:35.793] [DEBUG] debug-file - obfuscationOptions: undefined
[2026-07-10T14:42:35.793] [DEBUG] debug-file - Task 'entry:default@PreviewArkTS' cost while wrapping incremental declarations: 1 ms 
[2026-07-10T14:42:35.807] [DEBUG] debug-file - No watchWorker available for preview
[2026-07-10T14:42:35.807] [DEBUG] debug-file - Can not reuse worker, create new worker for preview
[2026-07-10T14:42:35.809] [DEBUG] debug-file - session manager: binding session. socketId=dyAFs6PQtDtY_PMwAAAF, threadId=1@2.
[2026-07-10T14:42:35.811] [DEBUG] debug-file - entry : default@PreviewArkTS cost memory -0.6099777221679688
[2026-07-10T14:42:38.542] [DEBUG] debug-file - watch worker: send response to session manager. Response type: WatchStart
[2026-07-10T14:42:38.543] [DEBUG] debug-file - session manager: watch message received from worker 1. Type: WatchStart
[2026-07-10T14:42:40.710] [DEBUG] debug-file - watch worker: send response to session manager. Response type: WatchLog
[2026-07-10T14:42:40.711] [DEBUG] debug-file - session manager: watch message received from worker 1. Type: WatchLog
[2026-07-10T14:42:40.876] [DEBUG] debug-file - watch worker: send response to session manager. Response type: WatchLog
[2026-07-10T14:42:40.877] [DEBUG] debug-file - session manager: watch message received from worker 1. Type: WatchLog
[2026-07-10T14:42:40.886] [DEBUG] debug-file - watch worker: send response to session manager. Response type: WatchLog
[2026-07-10T14:42:40.887] [DEBUG] debug-file - session manager: watch message received from worker 1. Type: WatchLog
[2026-07-10T14:42:40.938] [DEBUG] debug-file - watch worker: send response to session manager. Response type: WatchLog
[2026-07-10T14:42:40.940] [DEBUG] debug-file - session manager: watch message received from worker 1. Type: WatchLog
[2026-07-10T14:42:42.602] [DEBUG] debug-file - watch worker: send response to session manager. Response type: WatchResult
[2026-07-10T14:42:42.604] [DEBUG] debug-file - Ark compile finished.
[2026-07-10T14:42:42.603] [DEBUG] debug-file - session manager: watch message received from worker 1. Type: WatchResult
[2026-07-10T14:42:42.602] [DEBUG] debug-file - default@PreviewArkTS watch work[2] failed.
[2026-07-10T14:42:42.602] [ERROR] debug-file - Failed :entry:default@PreviewArkTS... 
[2026-07-10T14:42:42.602] [DEBUG] debug-file - hvigor build process will be closed with an error.
[2026-07-10T14:42:42.627] [DEBUG] debug-file - ERROR: stacktrace = Error: [31m10505001 ArkTS Compiler Error
Error Message: Cannot find module '@ohos/router' or its corresponding type declarations. At File: E:/xjtu2-2/c4ai/666/entry/src/main/ets/pages/Index.ets:2:24
[39m[31m10311002 ArkTS: ERROR
Error Message: Failed to resolve OhmUrl. Failed to get a resolved OhmUrl for "@ohos/router" imported by "E:\xjtu2-2\c4ai\666\entry\src\main\ets\pages\Index.ets".

* Try the following:
  > Check whether the "undefined" module which @ohos/router belongs to is correctly configured.
  > Check if the corresponding file name "@ohos/router" is correct(including case-sensitivity).
[39m
    at handleResponse (D:\new\deveco\tools\hvigor\hvigor\src\base\internal\pool\worker-pool\watch-worker.js:1:2210)
    at async Worker.<anonymous> (D:\new\deveco\tools\hvigor\hvigor\src\base\internal\pool\worker-pool\watch-worker.js:1:4360)
[2026-07-10T14:42:42.627] [ERROR] debug-file - Error: [31m10505001 ArkTS Compiler Error
Error Message: Cannot find module '@ohos/router' or its corresponding type declarations. At File: E:/xjtu2-2/c4ai/666/entry/src/main/ets/pages/Index.ets:2:24
[39m[31m10311002 ArkTS: ERROR
Error Message: Failed to resolve OhmUrl. Failed to get a resolved OhmUrl for "@ohos/router" imported by "E:\xjtu2-2\c4ai\666\entry\src\main\ets\pages\Index.ets".

* Try the following:
  > Check whether the "undefined" module which @ohos/router belongs to is correctly configured.
  > Check if the corresponding file name "@ohos/router" is correct(including case-sensitivity).
[39m
    at handleResponse (D:\new\deveco\tools\hvigor\hvigor\src\base\internal\pool\worker-pool\watch-worker.js:1:2210)
    at async Worker.<anonymous> (D:\new\deveco\tools\hvigor\hvigor\src\base\internal\pool\worker-pool\watch-worker.js:1:4360)
[2026-07-10T14:42:42.641] [ERROR] debug-file - BUILD FAILED in 7 s 39 ms 
[2026-07-10T14:42:42.641] [DEBUG] debug-file - There is no need to refresh cache, since the incremental task entry:default@PreBuild is up-to-date.
[2026-07-10T14:42:42.641] [DEBUG] debug-file - Update task entry:default@CreateModuleInfo output file:E:\xjtu2-2\c4ai\666\entry\.preview\default\generated\profile\default\ModuleInfo.ts cache.
[2026-07-10T14:42:42.642] [DEBUG] debug-file - Incremental task entry:default@CreateModuleInfo post-execution cost:1 ms .
[2026-07-10T14:42:42.642] [DEBUG] debug-file - There is no need to refresh cache, since the incremental task entry:default@MergeProfile is up-to-date.
[2026-07-10T14:42:42.642] [DEBUG] debug-file - There is no need to refresh cache, since the incremental task entry:default@CreateBuildProfile is up-to-date.
[2026-07-10T14:42:42.642] [DEBUG] debug-file - There is no need to refresh cache, since the incremental task entry:default@GeneratePkgContextInfo is up-to-date.
[2026-07-10T14:42:42.642] [DEBUG] debug-file - There is no need to refresh cache, since the incremental task entry:default@ProcessProfile is up-to-date.
[2026-07-10T14:42:42.642] [DEBUG] debug-file - There is no need to refresh cache, since the incremental task entry:default@ProcessRouterMap is up-to-date.
[2026-07-10T14:42:42.642] [DEBUG] debug-file - There is no need to refresh cache, since the incremental task entry:default@ProcessShareConfig is up-to-date.
[2026-07-10T14:42:42.642] [DEBUG] debug-file - Update task entry:default@ProcessStartupConfig input file:E:\xjtu2-2\c4ai\666\entry\.preview\default\intermediates\loader\default\pkgContextInfo.json cache by regenerate.
[2026-07-10T14:42:42.643] [DEBUG] debug-file - Update task entry:default@ProcessStartupConfig output file:E:\xjtu2-2\c4ai\666\entry\.preview\default\intermediates\startup\default\startup_config.json cache.
[2026-07-10T14:42:42.643] [DEBUG] debug-file - Incremental task entry:default@ProcessStartupConfig post-execution cost:1 ms .
[2026-07-10T14:42:42.643] [DEBUG] debug-file - There is no need to refresh cache, since the incremental task entry:default@GenerateLoaderJson is up-to-date.
[2026-07-10T14:42:42.643] [DEBUG] debug-file - There is no need to refresh cache, since the incremental task entry:default@PreviewCompileResource is up-to-date.
[2026-07-10T14:42:42.643] [DEBUG] debug-file - There is no need to refresh cache, since the incremental task entry:default@CopyPreviewProfile is up-to-date.
[2026-07-10T14:42:42.643] [DEBUG] debug-file - Update task entry:default@PreviewUpdateAssets output file:E:\xjtu2-2\c4ai\666\entry\.preview\default\intermediates\res\default\module.json cache.
[2026-07-10T14:42:42.644] [DEBUG] debug-file - Update task entry:default@PreviewUpdateAssets output file:E:\xjtu2-2\c4ai\666\entry\.preview\default\intermediates\res\default\resources\base\profile\main_pages.json cache.
[2026-07-10T14:42:42.644] [DEBUG] debug-file - Incremental task entry:default@PreviewUpdateAssets post-execution cost:2 ms .
[2026-07-10T14:42:42.646] [DEBUG] debug-file - Update task entry:default@PreviewArkTS input file:E:\xjtu2-2\c4ai\666\entry\.preview\default\intermediates\loader\default cache by regenerate.
[2026-07-10T14:42:42.647] [DEBUG] debug-file - Update task entry:default@PreviewArkTS input file:E:\xjtu2-2\c4ai\666\entry\.preview\default\intermediates\res\default\ResourceTable.txt cache by regenerate.
[2026-07-10T14:42:42.647] [DEBUG] debug-file - Update task entry:default@PreviewArkTS input file:E:\xjtu2-2\c4ai\666\entry\.preview\default\intermediates\process_profile\default\module.json cache by regenerate.
[2026-07-10T14:42:42.647] [DEBUG] debug-file - Update task entry:default@PreviewArkTS input file:E:\xjtu2-2\c4ai\666\entry\.preview\default\intermediates\res\default\resources\base\profile cache by regenerate.
[2026-07-10T14:42:42.648] [DEBUG] debug-file - Update task entry:default@PreviewArkTS input file:E:\xjtu2-2\c4ai\666\entry\src\main\ets cache by regenerate.
[2026-07-10T14:42:42.650] [DEBUG] debug-file - Update task entry:default@PreviewArkTS input file:E:\xjtu2-2\c4ai\666\entry\.preview\default\intermediates\loader\default\pkgContextInfo.json cache by regenerate.
[2026-07-10T14:42:42.651] [DEBUG] debug-file - Update task entry:default@PreviewArkTS input file:E:\xjtu2-2\c4ai\666\entry\.preview\default\generated\profile\default\BuildProfile.ets cache by regenerate.
[2026-07-10T14:42:42.651] [DEBUG] debug-file - Update task entry:default@PreviewArkTS input file:E:\xjtu2-2\c4ai\666\entry\src\mock\mock-config.json5 cache by regenerate.
[2026-07-10T14:42:42.651] [DEBUG] debug-file - Update task entry:default@PreviewArkTS output file:E:\xjtu2-2\c4ai\666\entry\.preview\default\intermediates\loader_out\default\ets cache.
[2026-07-10T14:42:42.651] [DEBUG] debug-file - Incremental task entry:default@PreviewArkTS post-execution cost:8 ms .
[2026-07-10T14:42:42.675] [DEBUG] debug-file - There's no busy workers and idle workers need cleanup.
[2026-07-10T14:42:42.675] [DEBUG] debug-file - hvigor build process will be closed.
[2026-07-10T14:42:42.686] [DEBUG] debug-file - session manager: send message to worker process.
[2026-07-10T14:42:42.687] [DEBUG] debug-file - session manager: send message to worker process.
[2026-07-10T14:42:42.692] [DEBUG] debug-file - watch worker: worker is ready to be terminated.
[2026-07-10T14:42:42.692] [DEBUG] debug-file - Server currently has 0 watch-worker
[2026-07-10T14:44:12.944] [DEBUG] debug-file - session manager: set active socket. socketId=JZCpaKTJRoojCZO1AAAH
[2026-07-10T14:44:12.960] [DEBUG] debug-file - watch worker: worker id should be larger than 0. Nothing will be sent to any worker thread.
[2026-07-10T14:44:12.965] [DEBUG] debug-file - Workers' log level updated to INFO
[2026-07-10T14:44:12.968] [DEBUG] debug-file - Hvigor init with startParameters:{
  hvigorfileTypeCheck: false,
  parallelExecution: true,
  incrementalExecution: true,
  printStackTrace: false,
  daemon: true,
  analyze: 0,
  logLevel: Level { level: 20000, levelStr: 'INFO', colour: 'green' },
  optimizationStrategy: 'memory',
  hotCompile: undefined,
  hotReloadBuild: undefined,
  customizedParam: undefined
}
[2026-07-10T14:44:12.971] [DEBUG] debug-file - Cache service initialization finished in 3 ms 
[2026-07-10T14:44:12.972] [DEBUG] debug-file - hvigorfile, resolving E:\xjtu2-2\c4ai\666\hvigorfile.ts
[2026-07-10T14:44:12.978] [DEBUG] debug-file - hvigorfile, require result:  { default: { plugins: [] } }
[2026-07-10T14:44:12.978] [DEBUG] debug-file - hvigorfile, binding system plugins null
[2026-07-10T14:44:12.978] [DEBUG] debug-file - Starting plugin build process
[2026-07-10T14:44:12.979] [DEBUG] debug-file - App plugin prepare start...
[2026-07-10T14:44:12.979] [DEBUG] debug-file - App plugin prepare end...
[2026-07-10T14:44:12.979] [DEBUG] debug-file - App plugin creating...
[2026-07-10T14:44:12.988] [DEBUG] debug-file - App plugin register hook start...
[2026-07-10T14:44:12.988] [DEBUG] debug-file - App plugin register hook end...
[2026-07-10T14:44:12.988] [DEBUG] debug-file - Plugin build process completed
[2026-07-10T14:44:12.988] [DEBUG] debug-file - Start initialize project's product build option map with build mode debug.
[2026-07-10T14:44:12.988] [DEBUG] debug-file - Picking option from product 'default' with build mode 'debug'.
[2026-07-10T14:44:12.988] [DEBUG] debug-file - Product 'default' build option initialized
[2026-07-10T14:44:12.989] [DEBUG] debug-file - End initialize project's product build option map with build mode 'debug'.
[2026-07-10T14:44:12.989] [DEBUG] debug-file - Obtain build option for product 'default'in this build.
[2026-07-10T14:44:12.994] [DEBUG] debug-file - No signingConfig found, initRemoteHspCache failed.
[2026-07-10T14:44:12.996] [DEBUG] debug-file - Start recording SDK configuration permission data.
[2026-07-10T14:44:13.017] [DEBUG] debug-file - Sdk init in 24 ms 
[2026-07-10T14:44:13.020] [DEBUG] debug-file - Project task initialization takes 3 ms 
[2026-07-10T14:44:13.020] [DEBUG] debug-file - hvigorfile, begin to bind custom plugins...
[2026-07-10T14:44:13.020] [DEBUG] debug-file - hvigorfile, no custom plugins were found in E:\xjtu2-2\c4ai\666\hvigorfile.ts
[2026-07-10T14:44:13.020] [DEBUG] debug-file - hvigorfile, resolve finished E:\xjtu2-2\c4ai\666\hvigorfile.ts
[2026-07-10T14:44:13.021] [DEBUG] debug-file - hvigorfile, resolving E:\xjtu2-2\c4ai\666\entry\hvigorfile.ts
[2026-07-10T14:44:13.024] [DEBUG] debug-file - hvigorfile, require result:  { default: { plugins: [] } }
[2026-07-10T14:44:13.024] [DEBUG] debug-file - hvigorfile, binding system plugins null
[2026-07-10T14:44:13.024] [DEBUG] debug-file - Starting plugin build process
[2026-07-10T14:44:13.024] [DEBUG] debug-file - Hap plugin creating...
[2026-07-10T14:44:13.025] [DEBUG] debug-file - failed to load cangjie to dynamically generate schemas: Error: Cannot find module '@ohos/cangjie-build-support/index'
Require stack:
- D:\new\deveco\tools\hvigor\hvigor-ohos-plugin\src\plugin\hooks\cangjie-register.js
- D:\new\deveco\tools\hvigor\hvigor-ohos-plugin\src\plugin\strategy\stage-init-strategy.js
- D:\new\deveco\tools\hvigor\hvigor-ohos-plugin\src\plugin\builder\abstract-plugin-builder.js
- D:\new\deveco\tools\hvigor\hvigor-ohos-plugin\src\plugin\builder\app-plugin-builder.js
- D:\new\deveco\tools\hvigor\hvigor-ohos-plugin\src\plugin\factory\plugin-factory.js
- D:\new\deveco\tools\hvigor\hvigor-ohos-plugin\index.js
- E:\xjtu2-2\c4ai\666\hvigorfile.ts
- D:\new\deveco\tools\hvigor\hvigor\src\base\internal\lifecycle\configuration.js
- D:\new\deveco\tools\hvigor\hvigor\src\base\boot\index.js
- D:\new\deveco\tools\hvigor\hvigor\src\base\daemon\cluster\worker-process-lifecycle.js
- D:\new\deveco\tools\hvigor\hvigor\src\base\daemon\process\daemon-process-boot-script.js
[2026-07-10T14:44:13.027] [DEBUG] debug-file - Start initialize module-target build option map, moduleName=entry, buildMode=debug
[2026-07-10T14:44:13.027] [DEBUG] debug-file - Target 'default' config initialized
[2026-07-10T14:44:13.027] [DEBUG] debug-file - Target 'ohosTest' config initialized
[2026-07-10T14:44:13.028] [DEBUG] debug-file - Module 'entry' target 'default' build option initialized
[2026-07-10T14:44:13.028] [DEBUG] debug-file - Module 'entry' target 'ohosTest' build option initialized
[2026-07-10T14:44:13.028] [DEBUG] debug-file - End initialize module-target build option map, moduleName=entry
[2026-07-10T14:44:13.028] [DEBUG] debug-file - Start initialize module-target build option map, moduleName=entry, buildMode=release
[2026-07-10T14:44:13.029] [DEBUG] debug-file - Target 'default' config initialized
[2026-07-10T14:44:13.029] [DEBUG] debug-file - Target 'ohosTest' config initialized
[2026-07-10T14:44:13.029] [DEBUG] debug-file - Module 'entry' target 'default' build option initialized
[2026-07-10T14:44:13.029] [DEBUG] debug-file - Module 'entry' target 'ohosTest' build option initialized
[2026-07-10T14:44:13.029] [DEBUG] debug-file - End initialize module-target build option map, moduleName=entry
[2026-07-10T14:44:13.029] [DEBUG] debug-file - Start initialize module-target build option map, moduleName=entry, buildMode=debug
[2026-07-10T14:44:13.029] [DEBUG] debug-file - Target 'default' config initialized
[2026-07-10T14:44:13.029] [DEBUG] debug-file - Target 'ohosTest' config initialized
[2026-07-10T14:44:13.029] [DEBUG] debug-file - Module 'entry' target 'default' build option initialized
[2026-07-10T14:44:13.029] [DEBUG] debug-file - Module 'entry' target 'ohosTest' build option initialized
[2026-07-10T14:44:13.029] [DEBUG] debug-file - End initialize module-target build option map, moduleName=entry
[2026-07-10T14:44:13.029] [DEBUG] debug-file - Obtain build option for module 'entry' target 'default'in this build.
[2026-07-10T14:44:13.030] [DEBUG] debug-file - Module entry task initialization takes 1 ms 
[2026-07-10T14:44:13.030] [DEBUG] debug-file - Hap plugin register hook start...
[2026-07-10T14:44:13.030] [DEBUG] debug-file - Hap plugin register hook end...
[2026-07-10T14:44:13.030] [DEBUG] debug-file - Plugin build process completed
[2026-07-10T14:44:13.031] [DEBUG] debug-file - hvigorfile, begin to bind custom plugins...
[2026-07-10T14:44:13.031] [DEBUG] debug-file - hvigorfile, no custom plugins were found in E:\xjtu2-2\c4ai\666\entry\hvigorfile.ts
[2026-07-10T14:44:13.031] [DEBUG] debug-file - hvigorfile, resolve finished E:\xjtu2-2\c4ai\666\entry\hvigorfile.ts
[2026-07-10T14:44:13.047] [DEBUG] debug-file - hvigorfile, resolve hvigorfile dependencies in 16 ms 
[2026-07-10T14:44:13.047] [DEBUG] debug-file - project has submodules:entry
[2026-07-10T14:44:13.048] [DEBUG] debug-file - start to load updatedOhPackageInfo to the disk
[2026-07-10T14:44:13.050] [DEBUG] debug-file - load to the disk finished
[2026-07-10T14:44:13.050] [DEBUG] debug-file - Start to initialize dependency information.
[2026-07-10T14:44:13.055] [DEBUG] debug-file - Module 666 Collected Dependency: 
[2026-07-10T14:44:13.055] [DEBUG] debug-file - Module 666's total dependency: 0
[2026-07-10T14:44:13.055] [DEBUG] debug-file - Start to initialize dependency information.
[2026-07-10T14:44:13.057] [DEBUG] debug-file - Module entry Collected Dependency: 
[2026-07-10T14:44:13.057] [DEBUG] debug-file - Module entry's total dependency: 0
[2026-07-10T14:44:13.059] [DEBUG] debug-file - Configuration phase cost:88 ms 
[2026-07-10T14:44:13.059] [DEBUG] debug-file - Configuration task cost before running: 95 ms 
[2026-07-10T14:44:13.063] [DEBUG] debug-file - Executing task :entry:default@PreBuild
[2026-07-10T14:44:13.064] [DEBUG] debug-file - Task 'entry:default@PreBuild' cost while wrapping incremental declarations: 1 ms 
[2026-07-10T14:44:13.071] [DEBUG] debug-file - Incremental task entry:default@PreBuild pre-execution cost: 5 ms .
[2026-07-10T14:44:13.071] [DEBUG] debug-file - entry : default@PreBuild cost memory 0.7076034545898438
[2026-07-10T14:44:13.073] [INFO] debug-file - UP-TO-DATE :entry:default@PreBuild...  
[2026-07-10T14:44:13.074] [DEBUG] debug-file - Executing task :entry:default@CreateModuleInfo
[2026-07-10T14:44:13.074] [DEBUG] debug-file - Task 'entry:default@CreateModuleInfo' cost while wrapping incremental declarations: 1 ms 
[2026-07-10T14:44:13.074] [DEBUG] debug-file - entry : default@CreateModuleInfo cost memory 0.04131317138671875
[2026-07-10T14:44:13.074] [DEBUG] debug-file - runTaskFromQueue task cost before running: 110 ms 
[2026-07-10T14:44:13.074] [INFO] debug-file - Finished :entry:default@CreateModuleInfo... after 1 ms 
[2026-07-10T14:44:13.075] [DEBUG] debug-file - Executing task :entry:default@MergeProfile
[2026-07-10T14:44:13.075] [DEBUG] debug-file - Task 'entry:default@MergeProfile' cost while wrapping incremental declarations: 1 ms 
[2026-07-10T14:44:13.076] [DEBUG] debug-file - Incremental task entry:default@MergeProfile pre-execution cost: 2 ms .
[2026-07-10T14:44:13.076] [DEBUG] debug-file - entry : default@MergeProfile cost memory 0.123321533203125
[2026-07-10T14:44:13.077] [INFO] debug-file - UP-TO-DATE :entry:default@MergeProfile...  
[2026-07-10T14:44:13.077] [DEBUG] debug-file - Executing task :entry:default@CreateBuildProfile
[2026-07-10T14:44:13.078] [DEBUG] debug-file - Task 'entry:default@CreateBuildProfile' cost while wrapping incremental declarations: 1 ms 
[2026-07-10T14:44:13.078] [DEBUG] debug-file - Incremental task entry:default@CreateBuildProfile pre-execution cost: 1 ms .
[2026-07-10T14:44:13.079] [DEBUG] debug-file - entry : default@CreateBuildProfile cost memory 0.09990692138671875
[2026-07-10T14:44:13.079] [INFO] debug-file - UP-TO-DATE :entry:default@CreateBuildProfile...  
[2026-07-10T14:44:13.079] [DEBUG] debug-file - Executing task :entry:default@PreCheckSyscap
[2026-07-10T14:44:13.080] [DEBUG] debug-file - entry : default@PreCheckSyscap cost memory 0.01470184326171875
[2026-07-10T14:44:13.080] [DEBUG] debug-file - runTaskFromQueue task cost before running: 115 ms 
[2026-07-10T14:44:13.080] [INFO] debug-file - Finished :entry:default@PreCheckSyscap... after 1 ms 
[2026-07-10T14:44:13.082] [DEBUG] debug-file - Executing task :entry:default@GeneratePkgContextInfo
[2026-07-10T14:44:13.086] [DEBUG] debug-file - Task 'entry:default@GeneratePkgContextInfo' cost while wrapping incremental declarations: 1 ms 
[2026-07-10T14:44:13.087] [DEBUG] debug-file - Incremental task entry:default@GeneratePkgContextInfo pre-execution cost: 1 ms .
[2026-07-10T14:44:13.087] [DEBUG] debug-file - entry : default@GeneratePkgContextInfo cost memory 0.27484130859375
[2026-07-10T14:44:13.087] [INFO] debug-file - UP-TO-DATE :entry:default@GeneratePkgContextInfo...  
[2026-07-10T14:44:13.088] [DEBUG] debug-file - Executing task :entry:default@ProcessProfile
[2026-07-10T14:44:13.089] [DEBUG] debug-file - Task 'entry:default@ProcessProfile' cost while wrapping incremental declarations: 1 ms 
[2026-07-10T14:44:13.091] [DEBUG] debug-file - Incremental task entry:default@ProcessProfile pre-execution cost: 1 ms .
[2026-07-10T14:44:13.091] [DEBUG] debug-file - entry : default@ProcessProfile cost memory 0.1273956298828125
[2026-07-10T14:44:13.091] [INFO] debug-file - UP-TO-DATE :entry:default@ProcessProfile...  
[2026-07-10T14:44:13.092] [DEBUG] debug-file - Executing task :entry:default@ProcessRouterMap
[2026-07-10T14:44:13.094] [DEBUG] debug-file - Incremental task entry:default@ProcessRouterMap pre-execution cost: 2 ms .
[2026-07-10T14:44:13.094] [DEBUG] debug-file - entry : default@ProcessRouterMap cost memory 0.147216796875
[2026-07-10T14:44:13.095] [INFO] debug-file - UP-TO-DATE :entry:default@ProcessRouterMap...  
[2026-07-10T14:44:13.097] [DEBUG] debug-file - Executing task :entry:default@ProcessShareConfig
[2026-07-10T14:44:13.099] [DEBUG] debug-file - Incremental task entry:default@ProcessShareConfig pre-execution cost: 2 ms .
[2026-07-10T14:44:13.099] [DEBUG] debug-file - entry : default@ProcessShareConfig cost memory 0.1254119873046875
[2026-07-10T14:44:13.099] [INFO] debug-file - UP-TO-DATE :entry:default@ProcessShareConfig...  
[2026-07-10T14:44:13.100] [DEBUG] debug-file - Executing task :entry:default@ProcessStartupConfig
[2026-07-10T14:44:13.100] [DEBUG] debug-file - Task 'entry:default@ProcessStartupConfig' cost while wrapping incremental declarations: 1 ms 
[2026-07-10T14:44:13.101] [DEBUG] debug-file - entry:default@ProcessStartupConfig is not up-to-date, since the output file 'E:\xjtu2-2\c4ai\666\entry\.preview\default\intermediates\startup\default\startup_config.json' does not exist.
[2026-07-10T14:44:13.101] [DEBUG] debug-file - Incremental task entry:default@ProcessStartupConfig pre-execution cost: 1 ms .
[2026-07-10T14:44:13.101] [DEBUG] debug-file - entry : default@ProcessStartupConfig cost memory 0.119384765625
[2026-07-10T14:44:13.101] [DEBUG] debug-file - runTaskFromQueue task cost before running: 137 ms 
[2026-07-10T14:44:13.101] [INFO] debug-file - Finished :entry:default@ProcessStartupConfig... after 2 ms 
[2026-07-10T14:44:13.102] [DEBUG] debug-file - restool module names: entry; moduleName=entry, taskName=default@PreviewProcessResource
[2026-07-10T14:44:13.103] [DEBUG] debug-file - Executing task :entry:default@PreviewProcessResource
[2026-07-10T14:44:13.103] [DEBUG] debug-file - Task 'entry:default@PreviewProcessResource' cost while wrapping incremental declarations: 1 ms 
[2026-07-10T14:44:13.103] [DEBUG] debug-file - entry : default@PreviewProcessResource cost memory 0.0465850830078125
[2026-07-10T14:44:13.104] [DEBUG] debug-file - runTaskFromQueue task cost before running: 139 ms 
[2026-07-10T14:44:13.104] [INFO] debug-file - Finished :entry:default@PreviewProcessResource... after 1 ms 
[2026-07-10T14:44:13.106] [DEBUG] debug-file - Executing task :entry:default@GenerateLoaderJson
[2026-07-10T14:44:13.108] [DEBUG] debug-file - Task 'entry:default@GenerateLoaderJson' cost while wrapping incremental declarations: 1 ms 
[2026-07-10T14:44:13.114] [DEBUG] debug-file - Incremental task entry:default@GenerateLoaderJson pre-execution cost: 4 ms .
[2026-07-10T14:44:13.114] [DEBUG] debug-file - entry : default@GenerateLoaderJson cost memory -1.0428924560546875
[2026-07-10T14:44:13.117] [INFO] debug-file - UP-TO-DATE :entry:default@GenerateLoaderJson...  
[2026-07-10T14:44:13.118] [DEBUG] debug-file - restool module names: entry; moduleName=entry, taskName=default@PreviewCompileResource
[2026-07-10T14:44:13.118] [DEBUG] debug-file - Executing task :entry:default@PreviewCompileResource
[2026-07-10T14:44:13.126] [DEBUG] debug-file - entry:default@PreviewCompileResource is not up-to-date, since the output file 'E:\xjtu2-2\c4ai\666\entry\.preview\default\intermediates\res\default' has been changed.
[2026-07-10T14:44:13.126] [DEBUG] debug-file - Incremental task entry:default@PreviewCompileResource pre-execution cost: 8 ms .
[2026-07-10T14:44:13.136] [DEBUG] debug-file - Use tool [D:\new\deveco\sdk\default\openharmony\toolchains\restool.exe]
 [
  'D:\\new\\deveco\\sdk\\default\\openharmony\\toolchains\\restool.exe',
  '-x',
  'E:\\xjtu2-2\\c4ai\\666\\AppScope\\resources',
  '-o',
  'E:\\xjtu2-2\\c4ai\\666\\entry\\.preview\\default\\intermediates\\res\\default\\app_compiled'
]
[2026-07-10T14:44:13.136] [DEBUG] debug-file - current process  memoryUsage: {
  rss: 185184256,
  heapTotal: 130846720,
  heapUsed: 122158736,
  external: 3174048,
  arrayBuffers: 146421
} os memoryUsage :21.186100006103516
[2026-07-10T14:44:13.368] [DEBUG] debug-file - Info: restool resources compile success.

[2026-07-10T14:44:13.371] [DEBUG] debug-file - Use tool [D:\new\deveco\sdk\default\openharmony\toolchains\restool.exe]
 [
  'D:\\new\\deveco\\sdk\\default\\openharmony\\toolchains\\restool.exe',
  '-x',
  'E:\\xjtu2-2\\c4ai\\666\\entry\\src\\main\\resources',
  '-o',
  'E:\\xjtu2-2\\c4ai\\666\\entry\\.preview\\default\\intermediates\\res\\default\\module_compiled'
]
[2026-07-10T14:44:13.372] [DEBUG] debug-file - current process  memoryUsage: {
  rss: 185188352,
  heapTotal: 130846720,
  heapUsed: 122291896,
  external: 3174174,
  arrayBuffers: 146562
} os memoryUsage :21.101593017578125
[2026-07-10T14:44:13.513] [DEBUG] debug-file - Info: restool resources compile success.

[2026-07-10T14:44:13.517] [DEBUG] debug-file - Use tool [D:\new\deveco\sdk\default\openharmony\toolchains\restool.exe]
 [
  'D:\\new\\deveco\\sdk\\default\\openharmony\\toolchains\\restool.exe',
  '-m',
  'entry',
  '-f',
  '-j',
  'E:\\xjtu2-2\\c4ai\\666\\entry\\.preview\\default\\intermediates\\process_profile\\default\\module.json',
  '-p',
  'c***n',
  '-r',
  'E:\\xjtu2-2\\c4ai\\666\\entry\\.preview\\default\\generated\\r\\default\\ResourceTable.h',
  '-z',
  '--ids',
  'E:\\xjtu2-2\\c4ai\\666\\entry\\.preview\\default\\intermediates\\res\\default\\ids_map',
  '--defined-ids',
  'E:\\xjtu2-2\\c4ai\\666\\entry\\.preview\\default\\intermediates\\res\\default\\ids_map\\id_defined.json',
  '-i',
  'E:\\xjtu2-2\\c4ai\\666\\entry\\.preview\\default\\intermediates\\res\\default\\app_compiled',
  '-i',
  'E:\\xjtu2-2\\c4ai\\666\\entry\\.preview\\default\\intermediates\\res\\default\\module_compiled',
  '-o',
  'E:\\xjtu2-2\\c4ai\\666\\entry\\.preview\\default\\intermediates\\res\\default',
  '--defined-sysids',
  'D:\\new\\deveco\\sdk\\default\\hms\\toolchains\\id_defined.json'
]
[2026-07-10T14:44:13.518] [DEBUG] debug-file - current process  memoryUsage: {
  rss: 185208832,
  heapTotal: 130846720,
  heapUsed: 122448088,
  external: 3174300,
  arrayBuffers: 147634
} os memoryUsage :21.0875244140625
[2026-07-10T14:44:13.696] [DEBUG] debug-file - Info: hardware concurrency count is : 18
Info: thread count is : 18

[2026-07-10T14:44:13.697] [DEBUG] debug-file - Info: thread pool is started

[2026-07-10T14:44:13.703] [DEBUG] debug-file - Info: restool resources compile success.

[2026-07-10T14:44:13.704] [DEBUG] debug-file - Info: thread pool is stopped

[2026-07-10T14:44:13.709] [DEBUG] debug-file - entry : default@PreviewCompileResource cost memory -0.5904159545898438
[2026-07-10T14:44:13.709] [DEBUG] debug-file - runTaskFromQueue task cost before running: 744 ms 
[2026-07-10T14:44:13.710] [INFO] debug-file - Finished :entry:default@PreviewCompileResource... after 591 ms 
[2026-07-10T14:44:13.710] [DEBUG] debug-file - Executing task :entry:default@PreviewHookCompileResource
[2026-07-10T14:44:13.711] [DEBUG] debug-file - entry : default@PreviewHookCompileResource cost memory 0.0147552490234375
[2026-07-10T14:44:13.711] [DEBUG] debug-file - runTaskFromQueue task cost before running: 746 ms 
[2026-07-10T14:44:13.711] [INFO] debug-file - Finished :entry:default@PreviewHookCompileResource... after 1 ms 
[2026-07-10T14:44:13.711] [DEBUG] debug-file - Executing task :entry:default@CopyPreviewProfile
[2026-07-10T14:44:13.712] [DEBUG] debug-file - entry:default@CopyPreviewProfile is not up-to-date, since the output file 'E:\xjtu2-2\c4ai\666\entry\.preview\default\intermediates\res\default\resources\base\profile' does not exist.
[2026-07-10T14:44:13.712] [DEBUG] debug-file - Incremental task entry:default@CopyPreviewProfile pre-execution cost: 1 ms .
[2026-07-10T14:44:13.716] [DEBUG] debug-file - entry : default@CopyPreviewProfile cost memory 0.1895904541015625
[2026-07-10T14:44:13.716] [DEBUG] debug-file - runTaskFromQueue task cost before running: 752 ms 
[2026-07-10T14:44:13.716] [INFO] debug-file - Finished :entry:default@CopyPreviewProfile... after 5 ms 
[2026-07-10T14:44:13.717] [DEBUG] debug-file - Executing task :entry:default@ReplacePreviewerPage
[2026-07-10T14:44:13.717] [DEBUG] debug-file - entry : default@ReplacePreviewerPage cost memory 0.01471710205078125
[2026-07-10T14:44:13.717] [DEBUG] debug-file - runTaskFromQueue task cost before running: 753 ms 
[2026-07-10T14:44:13.718] [INFO] debug-file - Finished :entry:default@ReplacePreviewerPage... after 1 ms 
[2026-07-10T14:44:13.718] [DEBUG] debug-file - Executing task :entry:buildPreviewerResource
[2026-07-10T14:44:13.718] [DEBUG] debug-file - entry : buildPreviewerResource cost memory 0.0127716064453125
[2026-07-10T14:44:13.718] [DEBUG] debug-file - runTaskFromQueue task cost before running: 753 ms 
[2026-07-10T14:44:13.718] [INFO] debug-file - Finished :entry:buildPreviewerResource... after 1 ms 
[2026-07-10T14:44:13.719] [DEBUG] debug-file - Executing task :entry:default@PreviewUpdateAssets
[2026-07-10T14:44:13.720] [DEBUG] debug-file - entry:default@PreviewUpdateAssets is not up-to-date, since the output file 'E:\xjtu2-2\c4ai\666\entry\.preview\default\intermediates\res\default\module.json' has been changed.
[2026-07-10T14:44:13.720] [DEBUG] debug-file - Incremental task entry:default@PreviewUpdateAssets pre-execution cost: 1 ms .
[2026-07-10T14:44:13.722] [DEBUG] debug-file - entry : default@PreviewUpdateAssets cost memory 0.097503662109375
[2026-07-10T14:44:13.722] [DEBUG] debug-file - runTaskFromQueue task cost before running: 758 ms 
[2026-07-10T14:44:13.723] [INFO] debug-file - Finished :entry:default@PreviewUpdateAssets... after 4 ms 
[2026-07-10T14:44:13.724] [DEBUG] debug-file - Executing task :entry:default@PreviewArkTS
[2026-07-10T14:44:13.724] [DEBUG] debug-file - obfuscationOptions: undefined
[2026-07-10T14:44:13.725] [DEBUG] debug-file - Task 'entry:default@PreviewArkTS' cost while wrapping incremental declarations: 1 ms 
[2026-07-10T14:44:13.736] [DEBUG] debug-file - No watchWorker available for preview
[2026-07-10T14:44:13.736] [DEBUG] debug-file - Can not reuse worker, create new worker for preview
[2026-07-10T14:44:13.737] [DEBUG] debug-file - session manager: binding session. socketId=JZCpaKTJRoojCZO1AAAH, threadId=1@3.
[2026-07-10T14:44:13.739] [DEBUG] debug-file - entry : default@PreviewArkTS cost memory -0.7026596069335938
[2026-07-10T14:44:16.462] [DEBUG] debug-file - watch worker: send response to session manager. Response type: WatchStart
[2026-07-10T14:44:16.464] [DEBUG] debug-file - session manager: watch message received from worker 1. Type: WatchStart
[2026-07-10T14:44:18.921] [DEBUG] debug-file - watch worker: send response to session manager. Response type: WatchLog
[2026-07-10T14:44:18.923] [DEBUG] debug-file - session manager: watch message received from worker 1. Type: WatchLog
[2026-07-10T14:44:19.085] [DEBUG] debug-file - watch worker: send response to session manager. Response type: WatchLog
[2026-07-10T14:44:19.088] [DEBUG] debug-file - session manager: watch message received from worker 1. Type: WatchLog
[2026-07-10T14:44:19.110] [DEBUG] debug-file - watch worker: send response to session manager. Response type: WatchLog
[2026-07-10T14:44:19.111] [DEBUG] debug-file - session manager: watch message received from worker 1. Type: WatchLog
[2026-07-10T14:44:19.123] [DEBUG] debug-file - watch worker: send response to session manager. Response type: WatchLog
[2026-07-10T14:44:19.124] [DEBUG] debug-file - session manager: watch message received from worker 1. Type: WatchLog
[2026-07-10T14:44:20.467] [DEBUG] debug-file - watch worker: send response to session manager. Response type: WatchResult
[2026-07-10T14:44:20.467] [DEBUG] debug-file - Ark compile finished.
[2026-07-10T14:44:20.468] [DEBUG] debug-file - session manager: watch message received from worker 1. Type: WatchResult
[2026-07-10T14:44:20.467] [DEBUG] debug-file - default@PreviewArkTS watch work[3] failed.
[2026-07-10T14:44:20.467] [ERROR] debug-file - Failed :entry:default@PreviewArkTS... 
[2026-07-10T14:44:20.467] [DEBUG] debug-file - hvigor build process will be closed with an error.
[2026-07-10T14:44:20.468] [DEBUG] debug-file - ERROR: stacktrace = Error: [31m10505001 ArkTS Compiler Error
Error Message: Module '"@kit.AbilityKit"' has no exported member 'router'. At File: E:/xjtu2-2/c4ai/666/entry/src/main/ets/pages/Index.ets:1:10
[39m[31mArkTS:ERROR File: E:/xjtu2-2/c4ai/666/entry/src/main/ets/pages/Index.ets:1:10
 ERROR Code: 10311006 ArkTS: ERROR
Error Message: 'router' is not exported from Kit '@kit.AbilityKit'.

* Try the following: 
  > Please make sure the Kit apis are consistent with SDK and there's no local modification on Kit apis.
  > For more details on Kit apis, please refer to https://developer.huawei.com/consumer/cn/doc/harmonyos-references-V5/development-intro-api-V5.
[39m
    at handleResponse (D:\new\deveco\tools\hvigor\hvigor\src\base\internal\pool\worker-pool\watch-worker.js:1:2210)
    at async Worker.<anonymous> (D:\new\deveco\tools\hvigor\hvigor\src\base\internal\pool\worker-pool\watch-worker.js:1:4360)
[2026-07-10T14:44:20.468] [ERROR] debug-file - Error: [31m10505001 ArkTS Compiler Error
Error Message: Module '"@kit.AbilityKit"' has no exported member 'router'. At File: E:/xjtu2-2/c4ai/666/entry/src/main/ets/pages/Index.ets:1:10
[39m[31mArkTS:ERROR File: E:/xjtu2-2/c4ai/666/entry/src/main/ets/pages/Index.ets:1:10
 ERROR Code: 10311006 ArkTS: ERROR
Error Message: 'router' is not exported from Kit '@kit.AbilityKit'.

* Try the following: 
  > Please make sure the Kit apis are consistent with SDK and there's no local modification on Kit apis.
  > For more details on Kit apis, please refer to https://developer.huawei.com/consumer/cn/doc/harmonyos-references-V5/development-intro-api-V5.
[39m
    at handleResponse (D:\new\deveco\tools\hvigor\hvigor\src\base\internal\pool\worker-pool\watch-worker.js:1:2210)
    at async Worker.<anonymous> (D:\new\deveco\tools\hvigor\hvigor\src\base\internal\pool\worker-pool\watch-worker.js:1:4360)
[2026-07-10T14:44:20.481] [ERROR] debug-file - BUILD FAILED in 7 s 516 ms 
[2026-07-10T14:44:20.481] [DEBUG] debug-file - There is no need to refresh cache, since the incremental task entry:default@PreBuild is up-to-date.
[2026-07-10T14:44:20.481] [DEBUG] debug-file - Update task entry:default@CreateModuleInfo output file:E:\xjtu2-2\c4ai\666\entry\.preview\default\generated\profile\default\ModuleInfo.ts cache.
[2026-07-10T14:44:20.481] [DEBUG] debug-file - Incremental task entry:default@CreateModuleInfo post-execution cost:1 ms .
[2026-07-10T14:44:20.481] [DEBUG] debug-file - There is no need to refresh cache, since the incremental task entry:default@MergeProfile is up-to-date.
[2026-07-10T14:44:20.481] [DEBUG] debug-file - There is no need to refresh cache, since the incremental task entry:default@CreateBuildProfile is up-to-date.
[2026-07-10T14:44:20.481] [DEBUG] debug-file - There is no need to refresh cache, since the incremental task entry:default@GeneratePkgContextInfo is up-to-date.
[2026-07-10T14:44:20.481] [DEBUG] debug-file - There is no need to refresh cache, since the incremental task entry:default@ProcessProfile is up-to-date.
[2026-07-10T14:44:20.481] [DEBUG] debug-file - There is no need to refresh cache, since the incremental task entry:default@ProcessRouterMap is up-to-date.
[2026-07-10T14:44:20.481] [DEBUG] debug-file - There is no need to refresh cache, since the incremental task entry:default@ProcessShareConfig is up-to-date.
[2026-07-10T14:44:20.482] [DEBUG] debug-file - Update task entry:default@ProcessStartupConfig input file:E:\xjtu2-2\c4ai\666\entry\.preview\default\intermediates\loader\default\pkgContextInfo.json cache by regenerate.
[2026-07-10T14:44:20.482] [DEBUG] debug-file - Update task entry:default@ProcessStartupConfig output file:E:\xjtu2-2\c4ai\666\entry\.preview\default\intermediates\startup\default\startup_config.json cache.
[2026-07-10T14:44:20.482] [DEBUG] debug-file - Incremental task entry:default@ProcessStartupConfig post-execution cost:1 ms .
[2026-07-10T14:44:20.482] [DEBUG] debug-file - There is no need to refresh cache, since the incremental task entry:default@GenerateLoaderJson is up-to-date.
[2026-07-10T14:44:20.483] [DEBUG] debug-file - Update task entry:default@PreviewCompileResource input file:E:\xjtu2-2\c4ai\666\entry\src\main\resources cache by regenerate.
[2026-07-10T14:44:20.486] [DEBUG] debug-file - Update task entry:default@PreviewCompileResource input file:E:\xjtu2-2\c4ai\666\entry\.preview\default\intermediates\merge_profile\default\module.json cache by regenerate.
[2026-07-10T14:44:20.486] [DEBUG] debug-file - Update task entry:default@PreviewCompileResource output file:E:\xjtu2-2\c4ai\666\entry\.preview\default\intermediates\res\default cache.
[2026-07-10T14:44:20.491] [DEBUG] debug-file - Update task entry:default@PreviewCompileResource output file:E:\xjtu2-2\c4ai\666\entry\.preview\default\generated\r\default cache.
[2026-07-10T14:44:20.492] [DEBUG] debug-file - Incremental task entry:default@PreviewCompileResource post-execution cost:10 ms .
[2026-07-10T14:44:20.492] [DEBUG] debug-file - Update task entry:default@CopyPreviewProfile input file:E:\xjtu2-2\c4ai\666\entry\src\main\resources\base\profile cache by regenerate.
[2026-07-10T14:44:20.493] [DEBUG] debug-file - Update task entry:default@CopyPreviewProfile output file:E:\xjtu2-2\c4ai\666\entry\.preview\default\intermediates\res\default\resources\base\profile cache.
[2026-07-10T14:44:20.494] [DEBUG] debug-file - Incremental task entry:default@CopyPreviewProfile post-execution cost:3 ms .
[2026-07-10T14:44:20.494] [DEBUG] debug-file - Update task entry:default@PreviewUpdateAssets output file:E:\xjtu2-2\c4ai\666\entry\.preview\default\intermediates\res\default\module.json cache.
[2026-07-10T14:44:20.494] [DEBUG] debug-file - Update task entry:default@PreviewUpdateAssets output file:E:\xjtu2-2\c4ai\666\entry\.preview\default\intermediates\res\default\resources\base\profile\main_pages.json cache.
[2026-07-10T14:44:20.495] [DEBUG] debug-file - Incremental task entry:default@PreviewUpdateAssets post-execution cost:1 ms .
[2026-07-10T14:44:20.496] [DEBUG] debug-file - Update task entry:default@PreviewArkTS input file:E:\xjtu2-2\c4ai\666\entry\.preview\default\intermediates\loader\default cache by regenerate.
[2026-07-10T14:44:20.497] [DEBUG] debug-file - Update task entry:default@PreviewArkTS input file:E:\xjtu2-2\c4ai\666\entry\.preview\default\intermediates\res\default\ResourceTable.txt cache by regenerate.
[2026-07-10T14:44:20.497] [DEBUG] debug-file - Update task entry:default@PreviewArkTS input file:E:\xjtu2-2\c4ai\666\entry\.preview\default\intermediates\process_profile\default\module.json cache by regenerate.
[2026-07-10T14:44:20.497] [DEBUG] debug-file - Update task entry:default@PreviewArkTS input file:E:\xjtu2-2\c4ai\666\entry\.preview\default\intermediates\res\default\resources\base\profile cache by regenerate.
[2026-07-10T14:44:20.498] [DEBUG] debug-file - Update task entry:default@PreviewArkTS input file:E:\xjtu2-2\c4ai\666\entry\src\main\ets cache by regenerate.
[2026-07-10T14:44:20.499] [DEBUG] debug-file - Update task entry:default@PreviewArkTS input file:E:\xjtu2-2\c4ai\666\entry\.preview\default\intermediates\loader\default\pkgContextInfo.json cache by regenerate.
[2026-07-10T14:44:20.500] [DEBUG] debug-file - Update task entry:default@PreviewArkTS input file:E:\xjtu2-2\c4ai\666\entry\.preview\default\generated\profile\default\BuildProfile.ets cache by regenerate.
[2026-07-10T14:44:20.500] [DEBUG] debug-file - Update task entry:default@PreviewArkTS input file:E:\xjtu2-2\c4ai\666\entry\src\mock\mock-config.json5 cache by regenerate.
[2026-07-10T14:44:20.500] [DEBUG] debug-file - Update task entry:default@PreviewArkTS output file:E:\xjtu2-2\c4ai\666\entry\.preview\default\intermediates\loader_out\default\ets cache.
[2026-07-10T14:44:20.500] [DEBUG] debug-file - Incremental task entry:default@PreviewArkTS post-execution cost:6 ms .
[2026-07-10T14:44:20.518] [DEBUG] debug-file - There's no busy workers and idle workers need cleanup.
[2026-07-10T14:44:20.518] [DEBUG] debug-file - hvigor build process will be closed.
[2026-07-10T14:44:20.525] [DEBUG] debug-file - session manager: send message to worker process.
[2026-07-10T14:44:20.526] [DEBUG] debug-file - session manager: send message to worker process.
[2026-07-10T14:44:20.530] [DEBUG] debug-file - watch worker: worker is ready to be terminated.
[2026-07-10T14:44:20.530] [DEBUG] debug-file - Server currently has 0 watch-worker
[2026-07-10T14:46:28.713] [DEBUG] debug-file - session manager: set active socket. socketId=ley7O13gB_HX-8ifAAAJ
[2026-07-10T14:46:28.730] [DEBUG] debug-file - watch worker: worker id should be larger than 0. Nothing will be sent to any worker thread.
[2026-07-10T14:46:28.739] [DEBUG] debug-file - Workers' log level updated to INFO
[2026-07-10T14:46:28.742] [DEBUG] debug-file - Hvigor init with startParameters:{
  hvigorfileTypeCheck: false,
  parallelExecution: true,
  incrementalExecution: true,
  printStackTrace: false,
  daemon: true,
  analyze: 0,
  logLevel: Level { level: 20000, levelStr: 'INFO', colour: 'green' },
  optimizationStrategy: 'memory',
  hotCompile: undefined,
  hotReloadBuild: undefined,
  customizedParam: undefined
}
[2026-07-10T14:46:28.745] [DEBUG] debug-file - Cache service initialization finished in 3 ms 
[2026-07-10T14:46:28.746] [DEBUG] debug-file - hvigorfile, resolving E:\xjtu2-2\c4ai\666\hvigorfile.ts
[2026-07-10T14:46:28.756] [DEBUG] debug-file - hvigorfile, require result:  { default: { plugins: [] } }
[2026-07-10T14:46:28.756] [DEBUG] debug-file - hvigorfile, binding system plugins null
[2026-07-10T14:46:28.757] [DEBUG] debug-file - Starting plugin build process
[2026-07-10T14:46:28.757] [DEBUG] debug-file - App plugin prepare start...
[2026-07-10T14:46:28.757] [DEBUG] debug-file - App plugin prepare end...
[2026-07-10T14:46:28.757] [DEBUG] debug-file - App plugin creating...
[2026-07-10T14:46:28.763] [DEBUG] debug-file - App plugin register hook start...
[2026-07-10T14:46:28.764] [DEBUG] debug-file - App plugin register hook end...
[2026-07-10T14:46:28.764] [DEBUG] debug-file - Plugin build process completed
[2026-07-10T14:46:28.765] [DEBUG] debug-file - Start initialize project's product build option map with build mode debug.
[2026-07-10T14:46:28.765] [DEBUG] debug-file - Picking option from product 'default' with build mode 'debug'.
[2026-07-10T14:46:28.765] [DEBUG] debug-file - Product 'default' build option initialized
[2026-07-10T14:46:28.765] [DEBUG] debug-file - End initialize project's product build option map with build mode 'debug'.
[2026-07-10T14:46:28.766] [DEBUG] debug-file - Obtain build option for product 'default'in this build.
[2026-07-10T14:46:28.771] [DEBUG] debug-file - No signingConfig found, initRemoteHspCache failed.
[2026-07-10T14:46:28.776] [DEBUG] debug-file - Start recording SDK configuration permission data.
[2026-07-10T14:46:28.809] [DEBUG] debug-file - Sdk init in 37 ms 
[2026-07-10T14:46:28.812] [DEBUG] debug-file - Project task initialization takes 3 ms 
[2026-07-10T14:46:28.812] [DEBUG] debug-file - hvigorfile, begin to bind custom plugins...
[2026-07-10T14:46:28.812] [DEBUG] debug-file - hvigorfile, no custom plugins were found in E:\xjtu2-2\c4ai\666\hvigorfile.ts
[2026-07-10T14:46:28.812] [DEBUG] debug-file - hvigorfile, resolve finished E:\xjtu2-2\c4ai\666\hvigorfile.ts
[2026-07-10T14:46:28.812] [DEBUG] debug-file - hvigorfile, resolving E:\xjtu2-2\c4ai\666\entry\hvigorfile.ts
[2026-07-10T14:46:28.817] [DEBUG] debug-file - hvigorfile, require result:  { default: { plugins: [] } }
[2026-07-10T14:46:28.817] [DEBUG] debug-file - hvigorfile, binding system plugins null
[2026-07-10T14:46:28.817] [DEBUG] debug-file - Starting plugin build process
[2026-07-10T14:46:28.817] [DEBUG] debug-file - Hap plugin creating...
[2026-07-10T14:46:28.819] [DEBUG] debug-file - failed to load cangjie to dynamically generate schemas: Error: Cannot find module '@ohos/cangjie-build-support/index'
Require stack:
- D:\new\deveco\tools\hvigor\hvigor-ohos-plugin\src\plugin\hooks\cangjie-register.js
- D:\new\deveco\tools\hvigor\hvigor-ohos-plugin\src\plugin\strategy\stage-init-strategy.js
- D:\new\deveco\tools\hvigor\hvigor-ohos-plugin\src\plugin\builder\abstract-plugin-builder.js
- D:\new\deveco\tools\hvigor\hvigor-ohos-plugin\src\plugin\builder\app-plugin-builder.js
- D:\new\deveco\tools\hvigor\hvigor-ohos-plugin\src\plugin\factory\plugin-factory.js
- D:\new\deveco\tools\hvigor\hvigor-ohos-plugin\index.js
- E:\xjtu2-2\c4ai\666\hvigorfile.ts
- D:\new\deveco\tools\hvigor\hvigor\src\base\internal\lifecycle\configuration.js
- D:\new\deveco\tools\hvigor\hvigor\src\base\boot\index.js
- D:\new\deveco\tools\hvigor\hvigor\src\base\daemon\cluster\worker-process-lifecycle.js
- D:\new\deveco\tools\hvigor\hvigor\src\base\daemon\process\daemon-process-boot-script.js
[2026-07-10T14:46:28.821] [DEBUG] debug-file - Start initialize module-target build option map, moduleName=entry, buildMode=debug
[2026-07-10T14:46:28.821] [DEBUG] debug-file - Target 'default' config initialized
[2026-07-10T14:46:28.821] [DEBUG] debug-file - Target 'ohosTest' config initialized
[2026-07-10T14:46:28.822] [DEBUG] debug-file - Module 'entry' target 'default' build option initialized
[2026-07-10T14:46:28.822] [DEBUG] debug-file - Module 'entry' target 'ohosTest' build option initialized
[2026-07-10T14:46:28.822] [DEBUG] debug-file - End initialize module-target build option map, moduleName=entry
[2026-07-10T14:46:28.822] [DEBUG] debug-file - Start initialize module-target build option map, moduleName=entry, buildMode=release
[2026-07-10T14:46:28.822] [DEBUG] debug-file - Target 'default' config initialized
[2026-07-10T14:46:28.823] [DEBUG] debug-file - Target 'ohosTest' config initialized
[2026-07-10T14:46:28.823] [DEBUG] debug-file - Module 'entry' target 'default' build option initialized
[2026-07-10T14:46:28.823] [DEBUG] debug-file - Module 'entry' target 'ohosTest' build option initialized
[2026-07-10T14:46:28.823] [DEBUG] debug-file - End initialize module-target build option map, moduleName=entry
[2026-07-10T14:46:28.823] [DEBUG] debug-file - Start initialize module-target build option map, moduleName=entry, buildMode=debug
[2026-07-10T14:46:28.823] [DEBUG] debug-file - Target 'default' config initialized
[2026-07-10T14:46:28.823] [DEBUG] debug-file - Target 'ohosTest' config initialized
[2026-07-10T14:46:28.823] [DEBUG] debug-file - Module 'entry' target 'default' build option initialized
[2026-07-10T14:46:28.823] [DEBUG] debug-file - Module 'entry' target 'ohosTest' build option initialized
[2026-07-10T14:46:28.823] [DEBUG] debug-file - End initialize module-target build option map, moduleName=entry
[2026-07-10T14:46:28.823] [DEBUG] debug-file - Obtain build option for module 'entry' target 'default'in this build.
[2026-07-10T14:46:28.825] [DEBUG] debug-file - Module entry task initialization takes 1 ms 
[2026-07-10T14:46:28.825] [DEBUG] debug-file - Hap plugin register hook start...
[2026-07-10T14:46:28.825] [DEBUG] debug-file - Hap plugin register hook end...
[2026-07-10T14:46:28.825] [DEBUG] debug-file - Plugin build process completed
[2026-07-10T14:46:28.825] [DEBUG] debug-file - hvigorfile, begin to bind custom plugins...
[2026-07-10T14:46:28.825] [DEBUG] debug-file - hvigorfile, no custom plugins were found in E:\xjtu2-2\c4ai\666\entry\hvigorfile.ts
[2026-07-10T14:46:28.825] [DEBUG] debug-file - hvigorfile, resolve finished E:\xjtu2-2\c4ai\666\entry\hvigorfile.ts
[2026-07-10T14:46:28.843] [DEBUG] debug-file - hvigorfile, resolve hvigorfile dependencies in 17 ms 
[2026-07-10T14:46:28.843] [DEBUG] debug-file - project has submodules:entry
[2026-07-10T14:46:28.844] [DEBUG] debug-file - start to load updatedOhPackageInfo to the disk
[2026-07-10T14:46:28.847] [DEBUG] debug-file - load to the disk finished
[2026-07-10T14:46:28.848] [DEBUG] debug-file - Start to initialize dependency information.
[2026-07-10T14:46:28.853] [DEBUG] debug-file - Module 666 Collected Dependency: 
[2026-07-10T14:46:28.853] [DEBUG] debug-file - Module 666's total dependency: 0
[2026-07-10T14:46:28.854] [DEBUG] debug-file - Start to initialize dependency information.
[2026-07-10T14:46:28.856] [DEBUG] debug-file - Module entry Collected Dependency: 
[2026-07-10T14:46:28.856] [DEBUG] debug-file - Module entry's total dependency: 0
[2026-07-10T14:46:28.857] [DEBUG] debug-file - Configuration phase cost:113 ms 
[2026-07-10T14:46:28.858] [DEBUG] debug-file - Configuration task cost before running: 119 ms 
[2026-07-10T14:46:28.862] [DEBUG] debug-file - Executing task :entry:default@PreBuild
[2026-07-10T14:46:28.865] [DEBUG] debug-file - Task 'entry:default@PreBuild' cost while wrapping incremental declarations: 1 ms 
[2026-07-10T14:46:28.873] [DEBUG] debug-file - Incremental task entry:default@PreBuild pre-execution cost: 6 ms .
[2026-07-10T14:46:28.873] [DEBUG] debug-file - entry : default@PreBuild cost memory 0.5703125
[2026-07-10T14:46:28.875] [INFO] debug-file - UP-TO-DATE :entry:default@PreBuild...  
[2026-07-10T14:46:28.876] [DEBUG] debug-file - Executing task :entry:default@CreateModuleInfo
[2026-07-10T14:46:28.876] [DEBUG] debug-file - Task 'entry:default@CreateModuleInfo' cost while wrapping incremental declarations: 1 ms 
[2026-07-10T14:46:28.876] [DEBUG] debug-file - entry : default@CreateModuleInfo cost memory 0.04131317138671875
[2026-07-10T14:46:28.876] [DEBUG] debug-file - runTaskFromQueue task cost before running: 137 ms 
[2026-07-10T14:46:28.876] [INFO] debug-file - Finished :entry:default@CreateModuleInfo... after 1 ms 
[2026-07-10T14:46:28.878] [DEBUG] debug-file - Executing task :entry:default@GenerateMetadata
[2026-07-10T14:46:28.878] [DEBUG] debug-file - Task 'entry:default@GenerateMetadata' cost while wrapping incremental declarations: 1 ms 
[2026-07-10T14:46:28.881] [DEBUG] debug-file - entry : default@GenerateMetadata cost memory 0.0606536865234375
[2026-07-10T14:46:28.881] [DEBUG] debug-file - runTaskFromQueue task cost before running: 141 ms 
[2026-07-10T14:46:28.881] [INFO] debug-file - Finished :entry:default@GenerateMetadata... after 4 ms 
[2026-07-10T14:46:28.882] [DEBUG] debug-file - Executing task :entry:default@ConfigureCmake
[2026-07-10T14:46:28.882] [DEBUG] debug-file - entry : default@ConfigureCmake cost memory 0.0144805908203125
[2026-07-10T14:46:28.882] [DEBUG] debug-file - runTaskFromQueue task cost before running: 143 ms 
[2026-07-10T14:46:28.882] [INFO] debug-file - Finished :entry:default@ConfigureCmake... after 1 ms 
[2026-07-10T14:46:28.883] [DEBUG] debug-file - Executing task :entry:default@MergeProfile
[2026-07-10T14:46:28.883] [DEBUG] debug-file - Task 'entry:default@MergeProfile' cost while wrapping incremental declarations: 1 ms 
[2026-07-10T14:46:28.885] [DEBUG] debug-file - entry:default@MergeProfile is not up-to-date, since the output file 'E:\xjtu2-2\c4ai\666\entry\build\default\intermediates\merge_profile\default\module.json' does not exist.
[2026-07-10T14:46:28.885] [DEBUG] debug-file - Incremental task entry:default@MergeProfile pre-execution cost: 2 ms .
[2026-07-10T14:46:28.885] [DEBUG] debug-file - Change app api release type with 'Release'
[2026-07-10T14:46:28.885] [DEBUG] debug-file - Change app compile API version with '6.1.1.125'
[2026-07-10T14:46:28.885] [DEBUG] debug-file - Change app target API version with '60101024'
[2026-07-10T14:46:28.885] [DEBUG] debug-file - Change app minimum API version with '60101024'
[2026-07-10T14:46:28.885] [DEBUG] debug-file - Use cli appEnvironment
[2026-07-10T14:46:28.887] [DEBUG] debug-file - entry : default@MergeProfile cost memory -1.5439834594726562
[2026-07-10T14:46:28.887] [DEBUG] debug-file - runTaskFromQueue task cost before running: 148 ms 
[2026-07-10T14:46:28.887] [INFO] debug-file - Finished :entry:default@MergeProfile... after 4 ms 
[2026-07-10T14:46:28.888] [DEBUG] debug-file - Executing task :entry:default@CreateBuildProfile
[2026-07-10T14:46:28.889] [DEBUG] debug-file - Task 'entry:default@CreateBuildProfile' cost while wrapping incremental declarations: 1 ms 
[2026-07-10T14:46:28.890] [DEBUG] debug-file - entry:default@CreateBuildProfile is not up-to-date, since the output file 'E:\xjtu2-2\c4ai\666\entry\build\default\generated\profile\default\BuildProfile.ets' does not exist.
[2026-07-10T14:46:28.890] [DEBUG] debug-file - Incremental task entry:default@CreateBuildProfile pre-execution cost: 1 ms .
[2026-07-10T14:46:28.891] [DEBUG] debug-file - entry : default@CreateBuildProfile cost memory 0.11341094970703125
[2026-07-10T14:46:28.891] [DEBUG] debug-file - runTaskFromQueue task cost before running: 152 ms 
[2026-07-10T14:46:28.891] [INFO] debug-file - Finished :entry:default@CreateBuildProfile... after 3 ms 
[2026-07-10T14:46:28.892] [DEBUG] debug-file - Executing task :entry:default@PreCheckSyscap
[2026-07-10T14:46:28.892] [DEBUG] debug-file - entry : default@PreCheckSyscap cost memory 0.01470184326171875
[2026-07-10T14:46:28.892] [DEBUG] debug-file - runTaskFromQueue task cost before running: 153 ms 
[2026-07-10T14:46:28.892] [INFO] debug-file - Finished :entry:default@PreCheckSyscap... after 1 ms 
[2026-07-10T14:46:28.894] [DEBUG] debug-file - Executing task :entry:default@GeneratePkgContextInfo
[2026-07-10T14:46:28.897] [DEBUG] debug-file - Task 'entry:default@GeneratePkgContextInfo' cost while wrapping incremental declarations: 1 ms 
[2026-07-10T14:46:28.897] [DEBUG] debug-file - entry:default@GeneratePkgContextInfo is not up-to-date, since the output file 'E:\xjtu2-2\c4ai\666\entry\build\default\intermediates\loader\default\pkgContextInfo.json' does not exist.
[2026-07-10T14:46:28.897] [DEBUG] debug-file - Incremental task entry:default@GeneratePkgContextInfo pre-execution cost: 1 ms .
[2026-07-10T14:46:28.898] [DEBUG] debug-file - entry : default@GeneratePkgContextInfo cost memory 0.20706939697265625
[2026-07-10T14:46:28.898] [DEBUG] debug-file - runTaskFromQueue task cost before running: 159 ms 
[2026-07-10T14:46:28.898] [INFO] debug-file - Finished :entry:default@GeneratePkgContextInfo... after 5 ms 
[2026-07-10T14:46:28.900] [DEBUG] debug-file - Executing task :entry:default@GeneratePkgSdkInfo
[2026-07-10T14:46:28.902] [DEBUG] debug-file - Task 'entry:default@GeneratePkgSdkInfo' cost while wrapping incremental declarations: 1 ms 
[2026-07-10T14:46:28.903] [DEBUG] debug-file - entry : default@GeneratePkgSdkInfo cost memory 0.12203216552734375
[2026-07-10T14:46:28.903] [DEBUG] debug-file - runTaskFromQueue task cost before running: 164 ms 
[2026-07-10T14:46:28.903] [INFO] debug-file - Finished :entry:default@GeneratePkgSdkInfo... after 4 ms 
[2026-07-10T14:46:28.907] [DEBUG] debug-file - Executing task :entry:default@ProcessIntegratedHsp
[2026-07-10T14:46:28.908] [DEBUG] debug-file - entry : default@ProcessIntegratedHsp cost memory 0.02776336669921875
[2026-07-10T14:46:28.908] [DEBUG] debug-file - runTaskFromQueue task cost before running: 169 ms 
[2026-07-10T14:46:28.908] [INFO] debug-file - Finished :entry:default@ProcessIntegratedHsp... after 1 ms 
[2026-07-10T14:46:28.910] [DEBUG] debug-file - Executing task :entry:default@BuildNativeWithCmake
[2026-07-10T14:46:28.910] [DEBUG] debug-file - entry : default@BuildNativeWithCmake cost memory 0.0144805908203125
[2026-07-10T14:46:28.910] [DEBUG] debug-file - runTaskFromQueue task cost before running: 171 ms 
[2026-07-10T14:46:28.910] [INFO] debug-file - Finished :entry:default@BuildNativeWithCmake... after 1 ms 
[2026-07-10T14:46:28.912] [DEBUG] debug-file - Executing task :entry:default@MakePackInfo
[2026-07-10T14:46:28.914] [DEBUG] debug-file - Module Pack Info:  {
  summary: {
    app: { bundleName: 'c***n', bundleType: 'app', version: [Object] },
    modules: [ [Object] ]
  },
  packages: [
    {
      deviceType: [Array],
      moduleType: 'entry',
      deliveryWithInstall: true,
      name: 'entry-default'
    }
  ]
}
[2026-07-10T14:46:28.916] [DEBUG] debug-file - entry : default@MakePackInfo cost memory 0.1063995361328125
[2026-07-10T14:46:28.916] [DEBUG] debug-file - runTaskFromQueue task cost before running: 177 ms 
[2026-07-10T14:46:28.917] [INFO] debug-file - Finished :entry:default@MakePackInfo... after 5 ms 
[2026-07-10T14:46:28.918] [DEBUG] debug-file - Executing task :entry:default@SyscapTransform
[2026-07-10T14:46:28.918] [DEBUG] debug-file - File: 'E:\xjtu2-2\c4ai\666\entry\src\main\syscap.json' from 'sysCapJsonPath' is not exists, just ignore.
[2026-07-10T14:46:28.919] [DEBUG] debug-file - Task 'entry:default@SyscapTransform' cost while wrapping incremental declarations: 1 ms 
[2026-07-10T14:46:28.919] [DEBUG] debug-file - entry : default@SyscapTransform cost memory 0.0585784912109375
[2026-07-10T14:46:28.919] [DEBUG] debug-file - runTaskFromQueue task cost before running: 180 ms 
[2026-07-10T14:46:28.920] [INFO] debug-file - Finished :entry:default@SyscapTransform... after 2 ms 
[2026-07-10T14:46:28.922] [DEBUG] debug-file - Executing task :entry:default@ProcessProfile
[2026-07-10T14:46:28.923] [DEBUG] debug-file - Task 'entry:default@ProcessProfile' cost while wrapping incremental declarations: 1 ms 
[2026-07-10T14:46:28.924] [DEBUG] debug-file - entry:default@ProcessProfile is not up-to-date, since the input file 'E:\xjtu2-2\c4ai\666\entry\build\default\intermediates\merge_profile\default\module.json' has been changed.
[2026-07-10T14:46:28.924] [DEBUG] debug-file - Incremental task entry:default@ProcessProfile pre-execution cost: 1 ms .
[2026-07-10T14:46:28.925] [DEBUG] debug-file - [
  'D:\\new\\deveco\\tools\\node\\node.exe',
  'D:\\new\\deveco\\sdk\\default\\openharmony\\ets\\build-tools\\ets-loader\\bin\\ark\\ts2abc.js',
  '--target-api-version',
  '24'
]
[2026-07-10T14:46:29.044] [DEBUG] debug-file - 24.0.0.0
[2026-07-10T14:46:29.046] [DEBUG] debug-file - No need to add fake ui ability because of not in preview process.
[2026-07-10T14:46:29.048] [DEBUG] debug-file - entry : default@ProcessProfile cost memory 0.38355255126953125
[2026-07-10T14:46:29.048] [DEBUG] debug-file - runTaskFromQueue task cost before running: 309 ms 
[2026-07-10T14:46:29.048] [INFO] debug-file - Finished :entry:default@ProcessProfile... after 126 ms 
[2026-07-10T14:46:29.050] [DEBUG] debug-file - Executing task :entry:default@ProcessRouterMap
[2026-07-10T14:46:29.053] [DEBUG] debug-file - entry:default@ProcessRouterMap is not up-to-date, since the input file 'E:\xjtu2-2\c4ai\666\entry\build\default\intermediates\loader\default\pkgContextInfo.json' has been changed.
[2026-07-10T14:46:29.054] [DEBUG] debug-file - Incremental task entry:default@ProcessRouterMap pre-execution cost: 3 ms .
[2026-07-10T14:46:29.057] [DEBUG] debug-file - entry : default@ProcessRouterMap cost memory 0.16199493408203125
[2026-07-10T14:46:29.058] [DEBUG] debug-file - runTaskFromQueue task cost before running: 318 ms 
[2026-07-10T14:46:29.059] [INFO] debug-file - Finished :entry:default@ProcessRouterMap... after 8 ms 
[2026-07-10T14:46:29.061] [DEBUG] debug-file - Executing task :entry:default@ProcessShareConfig
[2026-07-10T14:46:29.065] [DEBUG] debug-file - entry:default@ProcessShareConfig is not up-to-date, since the input file 'E:\xjtu2-2\c4ai\666\entry\build\default\intermediates\loader\default\pkgContextInfo.json' has been changed.
[2026-07-10T14:46:29.065] [DEBUG] debug-file - Incremental task entry:default@ProcessShareConfig pre-execution cost: 3 ms .
[2026-07-10T14:46:29.068] [DEBUG] debug-file - entry : default@ProcessShareConfig cost memory 0.1441497802734375
[2026-07-10T14:46:29.069] [DEBUG] debug-file - runTaskFromQueue task cost before running: 329 ms 
[2026-07-10T14:46:29.069] [INFO] debug-file - Finished :entry:default@ProcessShareConfig... after 8 ms 
[2026-07-10T14:46:29.071] [DEBUG] debug-file - Executing task :entry:default@ProcessStartupConfig
[2026-07-10T14:46:29.077] [DEBUG] debug-file - Task 'entry:default@ProcessStartupConfig' cost while wrapping incremental declarations: 1 ms 
[2026-07-10T14:46:29.079] [DEBUG] debug-file - entry:default@ProcessStartupConfig is not up-to-date, since the input file 'E:\xjtu2-2\c4ai\666\entry\build\default\intermediates\loader\default\pkgContextInfo.json' has been changed.
[2026-07-10T14:46:29.079] [DEBUG] debug-file - Incremental task entry:default@ProcessStartupConfig pre-execution cost: 1 ms .
[2026-07-10T14:46:29.080] [DEBUG] debug-file - entry : default@ProcessStartupConfig cost memory -15.13848876953125
[2026-07-10T14:46:29.080] [DEBUG] debug-file - runTaskFromQueue task cost before running: 341 ms 
[2026-07-10T14:46:29.081] [INFO] debug-file - Finished :entry:default@ProcessStartupConfig... after 10 ms 
[2026-07-10T14:46:29.082] [DEBUG] debug-file - Executing task :entry:default@BuildNativeWithNinja
[2026-07-10T14:46:29.085] [DEBUG] debug-file - entry : default@BuildNativeWithNinja cost memory 0.02642059326171875
[2026-07-10T14:46:29.085] [DEBUG] debug-file - runTaskFromQueue task cost before running: 346 ms 
[2026-07-10T14:46:29.086] [INFO] debug-file - Finished :entry:default@BuildNativeWithNinja... after 3 ms 
[2026-07-10T14:46:29.088] [DEBUG] debug-file - restool module names: entry; moduleName=entry, taskName=default@ProcessResource
[2026-07-10T14:46:29.105] [DEBUG] debug-file - Executing task :entry:default@ProcessResource
[2026-07-10T14:46:29.105] [DEBUG] debug-file - Task 'entry:default@ProcessResource' cost while wrapping incremental declarations: 1 ms 
[2026-07-10T14:46:29.108] [DEBUG] debug-file - entry : default@ProcessResource cost memory 0.1140899658203125
[2026-07-10T14:46:29.109] [DEBUG] debug-file - runTaskFromQueue task cost before running: 370 ms 
[2026-07-10T14:46:29.110] [INFO] debug-file - Finished :entry:default@ProcessResource... after 19 ms 
[2026-07-10T14:46:29.113] [DEBUG] debug-file - Executing task :entry:default@GenerateLoaderJson
[2026-07-10T14:46:29.114] [DEBUG] debug-file - Task 'entry:default@GenerateLoaderJson' cost while wrapping incremental declarations: 1 ms 
[2026-07-10T14:46:29.121] [DEBUG] debug-file - entry:default@GenerateLoaderJson is not up-to-date, since the input file 'E:\xjtu2-2\c4ai\666\entry\build\default\intermediates\loader\default\pkgContextInfo.json' has been changed.
[2026-07-10T14:46:29.121] [DEBUG] debug-file - Incremental task entry:default@GenerateLoaderJson pre-execution cost: 5 ms .
[2026-07-10T14:46:29.126] [DEBUG] debug-file - entry : default@GenerateLoaderJson cost memory 0.40857696533203125
[2026-07-10T14:46:29.126] [DEBUG] debug-file - runTaskFromQueue task cost before running: 387 ms 
[2026-07-10T14:46:29.130] [INFO] debug-file - Finished :entry:default@GenerateLoaderJson... after 14 ms 
[2026-07-10T14:46:29.132] [DEBUG] debug-file - Executing task :entry:default@ProcessLibs
[2026-07-10T14:46:29.139] [DEBUG] debug-file - Worker dispatch failed, running processLibs on main thread.
[2026-07-10T14:46:29.140] [DEBUG] debug-file - entry : default@ProcessLibs cost memory 0.44718170166015625
[2026-07-10T14:46:29.141] [DEBUG] debug-file - runTaskFromQueue task cost before running: 401 ms 
[2026-07-10T14:46:29.141] [INFO] debug-file - Finished :entry:default@ProcessLibs... after 9 ms 
[2026-07-10T14:46:29.143] [DEBUG] debug-file - restool module names: entry; moduleName=entry, taskName=default@CompileResource
[2026-07-10T14:46:29.144] [DEBUG] debug-file - Executing task :entry:default@CompileResource
[2026-07-10T14:46:29.152] [DEBUG] debug-file - Use tool [D:\new\deveco\sdk\default\openharmony\toolchains\restool.exe]
 [
  'D:\\new\\deveco\\sdk\\default\\openharmony\\toolchains\\restool.exe',
  '-l',
  'E:\\xjtu2-2\\c4ai\\666\\entry\\build\\default\\intermediates\\res\\default\\resConfig.json'
]
[2026-07-10T14:46:29.153] [DEBUG] debug-file - current process  memoryUsage: {
  rss: 187711488,
  heapTotal: 134033408,
  heapUsed: 111042864,
  external: 3111559,
  arrayBuffers: 79244
} os memoryUsage :22.189144134521484
[2026-07-10T14:46:29.421] [DEBUG] debug-file - Info: Pack: normal pack mode

[2026-07-10T14:46:30.424] [DEBUG] debug-file - Info: hardware concurrency count is : 18
Info: thread count is : 18

[2026-07-10T14:46:30.425] [DEBUG] debug-file - Info: thread pool is started

[2026-07-10T14:46:30.427] [DEBUG] debug-file - Info: GenericCompiler::CompileFiles

[2026-07-10T14:46:30.436] [DEBUG] debug-file - Info: GenericCompiler::CompileFiles
Warning: 'E:\xjtu2-2\c4ai\666\entry\src\main\resources\base\media\background.png' is defined repeatedly.

[2026-07-10T14:46:30.436] [DEBUG] debug-file - Warning: 'E:\xjtu2-2\c4ai\666\entry\src\main\resources\base\media\layered_image.json' is defined repeatedly.
Warning: 'E:\xjtu2-2\c4ai\666\entry\src\main\resources\base\media\foreground.png' is defined repeatedly.

[2026-07-10T14:46:30.437] [DEBUG] debug-file - Info: GenericCompiler::CompileFiles

[2026-07-10T14:46:30.449] [DEBUG] debug-file - 07-10 03:46:30.449 26776 21464 E C01400/ImageTranscoderUtils: DecodeToRGBA IN
07-10 03:46:30.449 26776 21464 E C01400/ImageTranscoderUtils: ImageFilter IN E:\xjtu2-2\c4ai\666\AppScope\resources\base\media\background.png

[2026-07-10T14:46:30.521] [DEBUG] debug-file - 07-10 03:46:30.521 26776 21464 E C01400/ImageTranscoderUtils: DecodeToRGBA IN
07-10 03:46:30.521 26776 21464 E C01400/ImageTranscoderUtils: ImageFilter IN E:\xjtu2-2\c4ai\666\AppScope\resources\base\media\foreground.png

[2026-07-10T14:46:30.576] [DEBUG] debug-file - Info: can't scale media json file.

[2026-07-10T14:46:30.576] [DEBUG] debug-file - Warning: The width or height of the png file referenced by the icon exceeds the limit (41 pixels)
at E:\xjtu2-2\c4ai\666\AppScope\resources\base\media\background.png

[2026-07-10T14:46:30.576] [DEBUG] debug-file - Warning: The width or height of the png file referenced by the icon exceeds the limit (41 pixels)
at E:\xjtu2-2\c4ai\666\AppScope\resources\base\media\foreground.png

[2026-07-10T14:46:30.576] [DEBUG] debug-file - Warning: E:\xjtu2-2\c4ai\666\AppScope\resources\base\media\layered_image.json is not png format

[2026-07-10T14:46:30.579] [DEBUG] debug-file - Info: restool resources compile success.

[2026-07-10T14:46:30.580] [DEBUG] debug-file - Info: thread pool is stopped

[2026-07-10T14:46:30.647] [DEBUG] debug-file - entry : default@CompileResource cost memory -1.2396240234375
[2026-07-10T14:46:30.647] [DEBUG] debug-file - runTaskFromQueue task cost before running: 1 s 908 ms 
[2026-07-10T14:46:30.649] [INFO] debug-file - Finished :entry:default@CompileResource... after 1 s 504 ms 
[2026-07-10T14:46:30.651] [DEBUG] debug-file - Executing task :entry:default@DoNativeStrip
[2026-07-10T14:46:30.651] [DEBUG] debug-file - File: 'E:\xjtu2-2\c4ai\666\entry\build\default\intermediates\binxo\default' from 'doBinxoNativeLibs' is not exists, just ignore.
[2026-07-10T14:46:30.652] [DEBUG] debug-file - Task 'entry:default@DoNativeStrip' cost while wrapping incremental declarations: 1 ms 
[2026-07-10T14:46:30.656] [DEBUG] debug-file - entry : default@DoNativeStrip cost memory 0.0713348388671875
[2026-07-10T14:46:30.656] [DEBUG] debug-file - runTaskFromQueue task cost before running: 1 s 916 ms 
[2026-07-10T14:46:30.656] [INFO] debug-file - Finished :entry:default@DoNativeStrip... after 5 ms 
[2026-07-10T14:46:30.658] [DEBUG] debug-file - Executing task :entry:default@CompileArkTS
[2026-07-10T14:46:30.659] [DEBUG] debug-file - obfuscationOptions: undefined
[2026-07-10T14:46:30.660] [DEBUG] debug-file - Task 'entry:default@CompileArkTS' cost while wrapping incremental declarations: 1 ms 
[2026-07-10T14:46:30.690] [DEBUG] debug-file - build config:
[2026-07-10T14:46:30.691] [DEBUG] debug-file - {
  moduleType: 'entry',
  perf: 0,
  targetName: '.default',
  packageManagerType: 'ohpm',
  localPropertiesPath: 'E:\\xjtu2-2\\c4ai\\666\\local.properties',
  isPreview: false,
  isOhosTest: false,
  isLocalTest: false,
  buildMode: 'Debug',
  hotReloadBuild: undefined,
  watchMode: 'false',
  aceProfilePath: 'E:\\xjtu2-2\\c4ai\\666\\entry\\build\\default\\intermediates\\res\\default\\resources\\base\\profile',
  etsLoaderPath: 'D:\\new\\deveco\\sdk\\default\\openharmony\\ets\\build-tools\\ets-loader',
  modulePath: 'E:\\xjtu2-2\\c4ai\\666\\entry',
  testFrameworkPar: {
    testMode: undefined,
    coveragePathFilter: undefined,
    coverageMode: undefined
  },
  needCoverageInsert: false,
  debugLine: false,
  projectTopDir: 'E:\\xjtu2-2\\c4ai\\666',
  compileSdkVersion: 24,
  compatibleSdkVersion: 24,
  originCompatibleSdkVersion: '6.1.1(24)',
  compatibleSdkVersionStage: undefined,
  bundleName: 'c***n',
  etsLoaderVersion: '6.1.1.125',
  etsLoaderReleaseType: 'Release',
  aotCompileMode: 'type',
  apPath: 'E:\\xjtu2-2\\c4ai\\666\\entry\\modules.ap',
  entryModuleName: 'entry',
  entryModuleVersion: '1.0.0',
  entryPackageName: 'entry',
  allModuleNameHash: '016b1ef845cf14e40b0b2f1d1c5ecf6b230ee027ece39d1d2587ea938aecfb2b',
  externalApiPaths: [ 'D:\\new\\deveco\\sdk\\default\\hms\\ets' ],
  compilerTypes: [],
  isCrossplatform: false,
  hvigorPluginFile: undefined,
  compilePluginPath: undefined,
  buildGeneratedProfilePath: 'E:\\xjtu2-2\\c4ai\\666\\entry\\build\\default\\generated\\profile\\default',
  bundleType: 'app',
  arkTSVersion: undefined,
  apiVersion: 24,
  needCompleteSourcesMap: false,
  isFaMode: false,
  buildDir: 'E:\\xjtu2-2\\c4ai\\666\\entry\\build',
  deviceTypes: [ 'phone' ],
  pkgContextInfo: {
    '@ohos/hypium': {
      packageName: '@ohos/hypium',
      bundleName: '*****',
      moduleName: '',
      version: '1.0.25',
      entryPath: 'index.js',
      isSO: false,
      dependencyAlias: ''
    },
    '@ohos/hamock': {
      packageName: '@ohos/hamock',
      bundleName: '*****',
      moduleName: '',
      version: '1.0.0',
      entryPath: 'index.ets',
      isSO: false,
      dependencyAlias: ''
    },
    entry: {
      packageName: 'entry',
      bundleName: '*****',
      moduleName: '',
      version: '',
      entryPath: 'src/main/',
      isSO: false,
      dependencyAlias: ''
    }
  },
  ohPackagePathMap: {},
  dependencyAliasMap: {},
  permission: { requestPermissions: undefined, definePermissions: undefined },
  useGetCurrentBundleName: false,
  projectArkOption: undefined,
  sourceMapDir: undefined,
  branchElimination: false,
  transformLib: undefined,
  tsImportSendable: false,
  resolveConflictMode: true,
  depName2RootPath: {},
  depName2DepInfo: {},
  depName2OhExports: {},
  rootPathSet: [ 'E:\\xjtu2-2\\c4ai\\666' ],
  useNativeResolver: true,
  shouldEmitJs: true,
  useTscResolve: false,
  singleFileEmit: false,
  userProjectConfig: {
    autoLazyImport: false,
    allowEmptyBundleName: false,
    reExportCheckMode: 'noCheck',
    executionMode: 'memory',
    usePathPlaceholder: false,
    writeRollupCache: true,
    isExpandImportEnabled: false,
    expandImportExclude: '',
    lazyImportExclude: '',
    lazyImportInclude: '',
    ignoreCrossplatformCheck: false,
    isHarDeduplicateEnabled: false,
    skipOhModulesLint: false,
    enableStrictCheckOHModule: false,
    disableSendableCheckRules: [],
    useDeclarationFileSignature: false,
    customizedOptions: undefined,
    integratedHsp: false,
    isPreloadSoEnabled: false
  },
  executionMode: 'memory',
  arkCompileCachePath: 'E:\\xjtu2-2\\c4ai\\666\\entry\\build\\default\\cache\\default\\default@CompileArkTS\\esmodule',
  autoLazyFilter: undefined,
  isHarDeduplicateEnabled: false,
  intermediateHarDuplicateDirPath: 'E:\\xjtu2-2\\c4ai\\666\\entry\\build\\default\\intermediates\\har_duplicate\\default',
  autoLazyImport: false,
  allowEmptyBundleName: false,
  reExportCheckMode: 'noCheck',
  usePathPlaceholder: false,
  writeRollupCache: true,
  isExpandImportEnabled: false,
  expandImportExclude: '',
  lazyImportExclude: '',
  lazyImportInclude: '',
  ignoreCrossplatformCheck: false,
  skipOhModulesLint: false,
  enableStrictCheckOHModule: false,
  disableSendableCheckRules: [],
  useDeclarationFileSignature: false,
  customizedOptions: undefined,
  integratedHsp: false,
  isPreloadSoEnabled: false,
  strictMode: {
    caseSensitiveCheck: true,
    useNormalizedOHMUrl: true,
    noExternalImportByPath: true
  },
  useNormalizedOHMUrl: true,
  caseSensitiveCheck: true,
  strictCheckerOnly: false,
  aceModuleJsonPath: 'E:\\xjtu2-2\\c4ai\\666\\entry\\build\\default\\intermediates\\res\\default\\ark_module.json',
  appResource: 'E:\\xjtu2-2\\c4ai\\666\\entry\\build\\default\\intermediates\\res\\default\\ResourceTable.txt',
  rawFileResource: 'E:\\xjtu2-2\\c4ai\\666\\entry\\build\\default\\intermediates\\res\\default\\resources\\rawfile',
  resourceTableHash: 'd81a83941c07883d4327563ba2cfe0ac7f68042912820a1577b99d29cbd144cc',
  runtimeOS: 'HarmonyOS',
  sdkInfo: 'false:24:6.1.1.125:Release',
  aceModuleRoot: 'E:\\xjtu2-2\\c4ai\\666\\entry\\src\\main\\ets',
  compileMode: 'esmodule',
  aceSuperVisualPath: 'E:\\xjtu2-2\\c4ai\\666\\entry\\src\\main\\supervisual',
  aceBuildJson: 'E:\\xjtu2-2\\c4ai\\666\\entry\\build\\default\\intermediates\\loader\\default\\loader.json',
  cachePath: 'E:\\xjtu2-2\\c4ai\\666\\entry\\build\\default\\cache\\default\\default@CompileArkTS\\esmodule\\debug',
  aceModuleBuild: 'E:\\xjtu2-2\\c4ai\\666\\entry\\build\\default\\intermediates\\loader_out\\default\\ets',
  supportChunks: true,
  declaredFilesPath: undefined,
  shouldCollectDirectImportees: false,
  isByteCodeHarOptimize: false,
  expandImportPath: undefined,
  resourceTableTs: 'E:\\xjtu2-2\\c4ai\\666\\entry\\build\\default\\generated\\r\\default\\ResourceTable.ts',
  moduleMetaInfoFiles: [
    {
      filePath: 'E:\\xjtu2-2\\c4ai\\666\\entry\\build\\default\\generated\\r\\default\\ResourceTable.ts',
      ohmurl: '&entry/build/generated/r/ResourceTable&'
    }
  ],
  pkgNameToPkgBriefInfo: {
    entry: {
      pkgRoot: 'E:\\xjtu2-2\\c4ai\\666\\entry',
      originalSourceRoots: undefined,
      sourceRoots: [Array],
      pkgName: 'entry'
    }
  },
  projectModel: {
    'E:\\xjtu2-2\\c4ai\\666\\entry\\src\\main': {
      moduleName: 'entry',
      modulePkgPath: 'E:\\xjtu2-2\\c4ai\\666\\entry',
      belongProjectPath: 'E:\\xjtu2-2\\c4ai\\666'
    },
    'E:\\xjtu2-2\\c4ai\\666\\entry\\.test\\default\\intermediates\\src\\ohosTest\\ets': {
      moduleName: 'entry_test',
      modulePkgPath: 'E:\\xjtu2-2\\c4ai\\666\\entry',
      belongProjectPath: 'E:\\xjtu2-2\\c4ai\\666'
    },
    'E:\\xjtu2-2\\c4ai\\666\\entry\\src\\ohosTest': {
      moduleName: 'entry_test',
      modulePkgPath: 'E:\\xjtu2-2\\c4ai\\666\\entry',
      belongProjectPath: 'E:\\xjtu2-2\\c4ai\\666'
    },
    'E:\\xjtu2-2\\c4ai\\666\\entry': {
      moduleName: 'entry',
      modulePkgPath: 'E:\\xjtu2-2\\c4ai\\666\\entry',
      belongProjectPath: 'E:\\xjtu2-2\\c4ai\\666'
    },
    'E:\\xjtu2-2\\c4ai\\666': {
      moduleName: '666',
      modulePkgPath: 'E:\\xjtu2-2\\c4ai\\666',
      belongProjectPath: 'E:\\xjtu2-2\\c4ai\\666'
    }
  },
  pkgJsonFileHash: '5fe8383df5fd82f84de69074092b8e2a0e11bd016c3f1f79ff0c32866c0ed8f5',
  allModulePaths: [ 'E:\\xjtu2-2\\c4ai\\666\\entry' ],
  routerMap: {},
  obfuscationOptions: undefined,
  byteCodeHarToDependencyKeys: undefined,
  compileBlockPkg: [],
  mockParams: {
    decorator: '@MockSetup',
    packageName: '@ohos/hamock',
    etsSourceRootPath: 'src/main/ets',
    mockConfigPath: 'E:\\xjtu2-2\\c4ai\\666\\entry\\src\\mock\\mock-config.json5',
    mockConfigKey2ModuleInfo: {},
    source2ModuleIdMap: {}
  },
  copyCodeResourceEnable: false,
  copyCodeResourceExcludes: [],
  copyCodeResourceIncludes: undefined,
  uiTransformOptimization: false,
  sdkPath: 'D:/new/deveco/sdk',
  needPreloadSoFileSet: {},
  preloadSoFilePath: 'E:\\xjtu2-2\\c4ai\\666\\entry\\build\\default\\intermediates\\preload\\default\\preload.json',
  useSourceHash: false,
  localModuleParamMap: {},
  otherPaths: {
    'entry/*': [
      '..\\*',
      '..\\..\\..\\build\\default\\generated\\profile\\default\\*'
    ]
  },
  collectImportersConfig: undefined
}
[2026-07-10T14:46:30.691] [DEBUG] debug-file - Compile arkts with external api path: D:\new\deveco\sdk\default\hms\ets
[2026-07-10T14:46:30.694] [DEBUG] debug-file - default@CompileArkTS work[0] is submitted.
[2026-07-10T14:46:30.695] [DEBUG] debug-file - default@CompileArkTS work[0] is pushed to ready queue.
[2026-07-10T14:46:30.695] [DEBUG] debug-file - A work dispatched to worker[17] failed because unable to get work from ready queue.
[2026-07-10T14:46:30.696] [DEBUG] debug-file - A work dispatched to worker[16] failed because unable to get work from ready queue.
[2026-07-10T14:46:30.696] [DEBUG] debug-file - A work dispatched to worker[15] failed because unable to get work from ready queue.
[2026-07-10T14:46:30.696] [DEBUG] debug-file - A work dispatched to worker[14] failed because unable to get work from ready queue.
[2026-07-10T14:46:30.696] [DEBUG] debug-file - A work dispatched to worker[13] failed because unable to get work from ready queue.
[2026-07-10T14:46:30.696] [DEBUG] debug-file - A work dispatched to worker[12] failed because unable to get work from ready queue.
[2026-07-10T14:46:30.696] [DEBUG] debug-file - A work dispatched to worker[11] failed because unable to get work from ready queue.
[2026-07-10T14:46:30.696] [DEBUG] debug-file - A work dispatched to worker[10] failed because unable to get work from ready queue.
[2026-07-10T14:46:30.696] [DEBUG] debug-file - A work dispatched to worker[9] failed because unable to get work from ready queue.
[2026-07-10T14:46:30.696] [DEBUG] debug-file - A work dispatched to worker[8] failed because unable to get work from ready queue.
[2026-07-10T14:46:30.696] [DEBUG] debug-file - A work dispatched to worker[7] failed because unable to get work from ready queue.
[2026-07-10T14:46:30.696] [DEBUG] debug-file - A work dispatched to worker[6] failed because unable to get work from ready queue.
[2026-07-10T14:46:30.696] [DEBUG] debug-file - A work dispatched to worker[5] failed because unable to get work from ready queue.
[2026-07-10T14:46:30.696] [DEBUG] debug-file - Create  resident worker with id: 4.
[2026-07-10T14:46:30.698] [DEBUG] debug-file - default@CompileArkTS work[0] has been dispatched to worker[4].
[2026-07-10T14:46:30.698] [DEBUG] debug-file - default@CompileArkTS work[0] is dispatched.
[2026-07-10T14:46:30.699] [DEBUG] debug-file - entry : default@CompileArkTS cost memory -0.30509185791015625
[2026-07-10T14:46:30.702] [DEBUG] debug-file - Executing task :entry:default@BuildJS
[2026-07-10T14:46:30.702] [DEBUG] debug-file - Task 'entry:default@BuildJS' cost while wrapping incremental declarations: 1 ms 
[2026-07-10T14:46:30.707] [DEBUG] debug-file - entry : default@BuildJS cost memory 0.15404510498046875
[2026-07-10T14:46:30.707] [DEBUG] debug-file - runTaskFromQueue task cost before running: 1 s 968 ms 
[2026-07-10T14:46:30.707] [INFO] debug-file - Finished :entry:default@BuildJS... after 6 ms 
[2026-07-10T14:46:30.709] [DEBUG] debug-file - Executing task :entry:default@CacheNativeLibs
[2026-07-10T14:46:30.709] [DEBUG] debug-file - File: 'E:\xjtu2-2\c4ai\666\entry\build\default\intermediates\binxo\default' from 'cacheBinxoNativeLibs' is not exists, just ignore.
[2026-07-10T14:46:30.710] [DEBUG] debug-file - Task 'entry:default@CacheNativeLibs' cost while wrapping incremental declarations: 1 ms 
[2026-07-10T14:46:30.710] [DEBUG] debug-file - default@CacheNativeLibs work[1] is submitted.
[2026-07-10T14:46:30.711] [DEBUG] debug-file - default@CacheNativeLibs work[1] is pushed to ready queue.
[2026-07-10T14:46:30.711] [DEBUG] debug-file - A work dispatched to worker[17] failed because unable to get work from ready queue.
[2026-07-10T14:46:30.711] [DEBUG] debug-file - Create  resident worker with id: 16.
[2026-07-10T14:46:30.712] [DEBUG] debug-file - default@CacheNativeLibs work[1] has been dispatched to worker[16].
[2026-07-10T14:46:30.712] [DEBUG] debug-file - default@CacheNativeLibs work[1] is dispatched.
[2026-07-10T14:46:30.712] [DEBUG] debug-file - entry : default@CacheNativeLibs cost memory 0.18109893798828125
[2026-07-10T14:46:33.645] [DEBUG] debug-file - worker[16] has one work done.
[2026-07-10T14:46:33.646] [DEBUG] debug-file - default@CacheNativeLibs work[1] done.
[2026-07-10T14:46:33.647] [DEBUG] debug-file - A work dispatched to worker[16] failed because unable to get work from ready queue.
[2026-07-10T14:46:33.647] [INFO] debug-file - Finished :entry:default@CacheNativeLibs... after 26 ms 
[2026-07-10T14:46:45.118] [WARN] debug-file - [33mWARN: [33m[33mArkTS:WARN File: E:/xjtu2-2/c4ai/666/entry/src/main/ets/pages/Index.ets:87:18
 'pushUrl' has been deprecated.
[39m[39m
[33mWARN: [33mArkTS:WARN File: E:/xjtu2-2/c4ai/666/entry/src/main/ets/pages/EventPage.ets:1:1
 It's not a recommended way to export struct with '@Entry' decorator, which may cause ACE Engine error in component preview mode.[39m[39m
[33mWARN: [33mArkTS:WARN File: E:/xjtu2-2/c4ai/666/entry/src/main/ets/pages/SpacePage.ets:1:1
 It's not a recommended way to export struct with '@Entry' decorator, which may cause ACE Engine error in component preview mode.[39m[39m

[2026-07-10T14:46:45.119] [DEBUG] debug-file - Ark compile task finished.finished time is 4613872635400
[2026-07-10T14:46:45.119] [DEBUG] debug-file - worker[4] has one work done.
[2026-07-10T14:46:45.122] [DEBUG] debug-file - default@CompileArkTS work[0] done.
[2026-07-10T14:46:45.123] [DEBUG] debug-file - A work dispatched to worker[4] failed because unable to get work from ready queue.
[2026-07-10T14:46:45.126] [INFO] debug-file - Finished :entry:default@CompileArkTS... after 7 s 413 ms 
[2026-07-10T14:46:45.128] [DEBUG] debug-file - Executing task :entry:default@GeneratePkgModuleJson
[2026-07-10T14:46:45.128] [DEBUG] debug-file - File: 'E:\xjtu2-2\c4ai\666\entry\build\default\intermediates\preload\default\preload.json' from 'preloadSoJsonPath' is not exists, just ignore.
[2026-07-10T14:46:45.129] [DEBUG] debug-file - Error occurs while handling @Input 'shouldDeduplicateHar': The "data" argument must be of type string or an instance of Buffer, TypedArray, or DataView. Received undefined
[2026-07-10T14:46:45.129] [DEBUG] debug-file - Task 'entry:default@GeneratePkgModuleJson' cost while wrapping incremental declarations: 2 ms 
[2026-07-10T14:46:45.133] [DEBUG] debug-file - entry : default@GeneratePkgModuleJson cost memory 0.16698455810546875
[2026-07-10T14:46:45.133] [DEBUG] debug-file - runTaskFromQueue task cost before running: 16 s 393 ms 
[2026-07-10T14:46:45.133] [INFO] debug-file - Finished :entry:default@GeneratePkgModuleJson... after 6 ms 
[2026-07-10T14:46:45.134] [DEBUG] debug-file - Executing task :entry:default@ProcessCompiledResources
[2026-07-10T14:46:45.134] [DEBUG] debug-file - File: 'E:\xjtu2-2\c4ai\666\entry\build\default\intermediates\preload\default\preload.json' from 'preloadSoJsonPath' is not exists, just ignore.
[2026-07-10T14:46:45.135] [DEBUG] debug-file - Task 'entry:default@ProcessCompiledResources' cost while wrapping incremental declarations: 1 ms 
[2026-07-10T14:46:45.135] [DEBUG] debug-file - entry : default@ProcessCompiledResources cost memory 0.057281494140625
[2026-07-10T14:46:45.135] [DEBUG] debug-file - runTaskFromQueue task cost before running: 16 s 396 ms 
[2026-07-10T14:46:45.136] [INFO] debug-file - Finished :entry:default@ProcessCompiledResources... after 2 ms 
[2026-07-10T14:46:45.140] [DEBUG] debug-file - Executing task :entry:default@PackageHap
[2026-07-10T14:46:45.145] [DEBUG] debug-file - Use tool [D:\new\deveco\sdk\default\openharmony\toolchains\lib\app_packing_tool.jar]
 [
  'java',
  '-Dfile.encoding=GBK',
  '-jar',
  'D:\\new\\deveco\\sdk\\default\\openharmony\\toolchains\\lib\\app_packing_tool.jar',
  '--mode',
  'hap',
  '--force',
  'true',
  '--lib-path',
  'E:\\xjtu2-2\\c4ai\\666\\entry\\build\\default\\intermediates\\stripped_native_libs\\default',
  '--json-path',
  'E:\\xjtu2-2\\c4ai\\666\\entry\\build\\default\\intermediates\\package\\default\\module.json',
  '--resources-path',
  'E:\\xjtu2-2\\c4ai\\666\\entry\\build\\default\\intermediates\\res\\default\\resources',
  '--index-path',
  'E:\\xjtu2-2\\c4ai\\666\\entry\\build\\default\\intermediates\\res\\default\\resources.index',
  '--pack-info-path',
  'E:\\xjtu2-2\\c4ai\\666\\entry\\build\\default\\outputs\\default\\pack.info',
  '--out-path',
  'E:\\xjtu2-2\\c4ai\\666\\entry\\build\\default\\outputs\\default\\entry-default-unsigned.hap',
  '--ets-path',
  'E:\\xjtu2-2\\c4ai\\666\\entry\\build\\default\\intermediates\\loader_out\\default\\ets',
  '--pkg-context-path',
  'E:\\xjtu2-2\\c4ai\\666\\entry\\build\\default\\intermediates\\loader\\default\\pkgContextInfo.json'
]
[2026-07-10T14:46:45.146] [DEBUG] debug-file - default@PackageHap work[2] is submitted.
[2026-07-10T14:46:45.146] [DEBUG] debug-file - default@PackageHap work[2] is pushed to ready queue.
[2026-07-10T14:46:45.146] [DEBUG] debug-file - A work dispatched to worker[17] failed because unable to get work from ready queue.
[2026-07-10T14:46:45.147] [DEBUG] debug-file - default@PackageHap work[2] has been dispatched to worker[16].
[2026-07-10T14:46:45.147] [DEBUG] debug-file - default@PackageHap work[2] is dispatched.
[2026-07-10T14:46:45.152] [DEBUG] debug-file - entry : default@PackageHap cost memory 0.38836669921875
[2026-07-10T14:46:45.468] [DEBUG] debug-file - current process  memoryUsage: {
  rss: 601841664,
  heapTotal: 80773120,
  heapUsed: 56480808,
  external: 2581003,
  arrayBuffers: 339326
} os memoryUsage :23.264633178710938
[2026-07-10T14:46:46.237] [DEBUG] debug-file - worker[16] has one work done.
[2026-07-10T14:46:46.237] [DEBUG] debug-file - default@PackageHap work[2] done.
[2026-07-10T14:46:46.237] [DEBUG] debug-file - A work dispatched to worker[16] failed because unable to get work from ready queue.
[2026-07-10T14:46:46.238] [INFO] debug-file - Finished :entry:default@PackageHap... after 785 ms 
[2026-07-10T14:46:46.240] [DEBUG] debug-file - Executing task :entry:default@PackingCheck
[2026-07-10T14:46:46.251] [DEBUG] debug-file - entry : default@PackingCheck cost memory -0.27436065673828125
[2026-07-10T14:46:46.251] [DEBUG] debug-file - runTaskFromQueue task cost before running: 17 s 512 ms 
[2026-07-10T14:46:46.252] [INFO] debug-file - Finished :entry:default@PackingCheck... after 12 ms 
[2026-07-10T14:46:46.254] [DEBUG] debug-file - Executing task :entry:default@SignHap
[2026-07-10T14:46:46.254] [WARN] debug-file - Will skip sign 'hos_hap'. No signingConfigs profile is configured in current project.
             If needed, configure the signingConfigs in E:\xjtu2-2\c4ai\666\build-profile.json5.
[2026-07-10T14:46:46.256] [DEBUG] debug-file - entry : default@SignHap cost memory 0.0697784423828125
[2026-07-10T14:46:46.256] [DEBUG] debug-file - runTaskFromQueue task cost before running: 17 s 517 ms 
[2026-07-10T14:46:46.257] [INFO] debug-file - Finished :entry:default@SignHap... after 3 ms 
[2026-07-10T14:46:46.258] [DEBUG] debug-file - Executing task :entry:default@CollectDebugSymbol
[2026-07-10T14:46:46.261] [DEBUG] debug-file - entry : default@CollectDebugSymbol cost memory 0.08773040771484375
[2026-07-10T14:46:46.261] [DEBUG] debug-file - runTaskFromQueue task cost before running: 17 s 522 ms 
[2026-07-10T14:46:46.261] [INFO] debug-file - Finished :entry:default@CollectDebugSymbol... after 3 ms 
[2026-07-10T14:46:46.261] [DEBUG] debug-file - Executing task :entry:assembleHap
[2026-07-10T14:46:46.262] [DEBUG] debug-file - entry : assembleHap cost memory 0.0126800537109375
[2026-07-10T14:46:46.262] [DEBUG] debug-file - runTaskFromQueue task cost before running: 17 s 522 ms 
[2026-07-10T14:46:46.262] [INFO] debug-file - Finished :entry:assembleHap... after 1 ms 
[2026-07-10T14:46:46.277] [INFO] debug-file - BUILD SUCCESSFUL in 17 s 538 ms 
[2026-07-10T14:46:46.279] [DEBUG] debug-file - There is no need to refresh cache, since the incremental task entry:default@PreBuild is up-to-date.
[2026-07-10T14:46:46.279] [DEBUG] debug-file - Update task entry:default@CreateModuleInfo output file:E:\xjtu2-2\c4ai\666\entry\build\default\generated\profile\default\ModuleInfo.ts cache.
[2026-07-10T14:46:46.279] [DEBUG] debug-file - Incremental task entry:default@CreateModuleInfo post-execution cost:1 ms .
[2026-07-10T14:46:46.279] [DEBUG] debug-file - Update task entry:default@GenerateMetadata input file:E:\xjtu2-2\c4ai\666\entry\src\main\module.json5 cache by regenerate.
[2026-07-10T14:46:46.280] [DEBUG] debug-file - Update task entry:default@GenerateMetadata output file:E:\xjtu2-2\c4ai\666\entry\build\default\intermediates\hap_metadata\default\output_metadata.json cache.
[2026-07-10T14:46:46.280] [DEBUG] debug-file - Incremental task entry:default@GenerateMetadata post-execution cost:2 ms .
[2026-07-10T14:46:46.281] [DEBUG] debug-file - Update task entry:default@MergeProfile input file:E:\xjtu2-2\c4ai\666\AppScope\app.json5 cache by regenerate.
[2026-07-10T14:46:46.281] [DEBUG] debug-file - Update task entry:default@MergeProfile input file:E:\xjtu2-2\c4ai\666\build-profile.json5 cache by regenerate.
[2026-07-10T14:46:46.281] [DEBUG] debug-file - Update task entry:default@MergeProfile input file:E:\xjtu2-2\c4ai\666\entry\src\main\module.json5 cache by regenerate.
[2026-07-10T14:46:46.282] [DEBUG] debug-file - Update task entry:default@MergeProfile output file:E:\xjtu2-2\c4ai\666\entry\build\default\intermediates\merge_profile\default\module.json cache.
[2026-07-10T14:46:46.282] [DEBUG] debug-file - Incremental task entry:default@MergeProfile post-execution cost:2 ms .
[2026-07-10T14:46:46.282] [DEBUG] debug-file - Update task entry:default@CreateBuildProfile input file:E:\xjtu2-2\c4ai\666\AppScope\app.json5 cache by regenerate.
[2026-07-10T14:46:46.283] [DEBUG] debug-file - Update task entry:default@CreateBuildProfile input file:E:\xjtu2-2\c4ai\666\build-profile.json5 cache by regenerate.
[2026-07-10T14:46:46.283] [DEBUG] debug-file - Update task entry:default@CreateBuildProfile output file:E:\xjtu2-2\c4ai\666\entry\build\default\generated\profile\default\BuildProfile.ets cache.
[2026-07-10T14:46:46.284] [DEBUG] debug-file - Incremental task entry:default@CreateBuildProfile post-execution cost:2 ms .
[2026-07-10T14:46:46.284] [DEBUG] debug-file - Update task entry:default@GeneratePkgContextInfo output file:E:\xjtu2-2\c4ai\666\entry\build\default\intermediates\loader\default\pkgContextInfo.json cache.
[2026-07-10T14:46:46.284] [DEBUG] debug-file - Incremental task entry:default@GeneratePkgContextInfo post-execution cost:1 ms .
[2026-07-10T14:46:46.284] [DEBUG] debug-file - Update task entry:default@GeneratePkgSdkInfo output file:E:\xjtu2-2\c4ai\666\entry\build\default\intermediates\loader\default\pkgSdkInfo.json cache.
[2026-07-10T14:46:46.285] [DEBUG] debug-file - Incremental task entry:default@GeneratePkgSdkInfo post-execution cost:1 ms .
[2026-07-10T14:46:46.285] [DEBUG] debug-file - Update task entry:default@ProcessIntegratedHsp output file:E:\xjtu2-2\c4ai\666\build\cache\default\integrated_hsp\integratedHspCache.json cache.
[2026-07-10T14:46:46.285] [DEBUG] debug-file - Incremental task entry:default@ProcessIntegratedHsp post-execution cost:1 ms .
[2026-07-10T14:46:46.286] [DEBUG] debug-file - Update task entry:default@MakePackInfo input file:E:\xjtu2-2\c4ai\666\AppScope\app.json5 cache by regenerate.
[2026-07-10T14:46:46.287] [DEBUG] debug-file - Update task entry:default@MakePackInfo input file:E:\xjtu2-2\c4ai\666\entry\src\main\module.json5 cache by regenerate.
[2026-07-10T14:46:46.287] [DEBUG] debug-file - Update task entry:default@MakePackInfo input file:E:\xjtu2-2\c4ai\666\build-profile.json5 cache by regenerate.
[2026-07-10T14:46:46.288] [DEBUG] debug-file - Update task entry:default@MakePackInfo input file:E:\xjtu2-2\c4ai\666\entry\src\main\resources\base\profile\backup_config.json cache by regenerate.
[2026-07-10T14:46:46.289] [DEBUG] debug-file - Update task entry:default@MakePackInfo output file:E:\xjtu2-2\c4ai\666\entry\build\default\outputs\default\pack.info cache.
[2026-07-10T14:46:46.290] [DEBUG] debug-file - Incremental task entry:default@MakePackInfo post-execution cost:4 ms .
[2026-07-10T14:46:46.290] [DEBUG] debug-file - Update task entry:default@SyscapTransform input file:D:\new\deveco\sdk\default\openharmony\toolchains\syscap_tool.exe cache by regenerate.
[2026-07-10T14:46:46.290] [DEBUG] debug-file - Update task entry:default@SyscapTransform input file:D:\new\deveco\sdk\default\openharmony\ets\api\device-define cache by regenerate.
[2026-07-10T14:46:46.293] [DEBUG] debug-file - Update task entry:default@SyscapTransform output file:E:\xjtu2-2\c4ai\666\entry\build\default\intermediates\syscap\default\rpcid.sc cache.
[2026-07-10T14:46:46.294] [DEBUG] debug-file - Incremental task entry:default@SyscapTransform post-execution cost:5 ms .
[2026-07-10T14:46:46.294] [DEBUG] debug-file - Update task entry:default@ProcessProfile input file:E:\xjtu2-2\c4ai\666\entry\build\default\intermediates\merge_profile\default\module.json cache from map.
[2026-07-10T14:46:46.294] [DEBUG] debug-file - Update task entry:default@ProcessProfile output file:E:\xjtu2-2\c4ai\666\entry\build\default\intermediates\process_profile\default\module.json cache.
[2026-07-10T14:46:46.295] [DEBUG] debug-file - Incremental task entry:default@ProcessProfile post-execution cost:2 ms .
[2026-07-10T14:46:46.296] [DEBUG] debug-file - Update task entry:default@ProcessRouterMap input file:E:\xjtu2-2\c4ai\666\entry\oh-package.json5 cache by regenerate.
[2026-07-10T14:46:46.296] [DEBUG] debug-file - Update task entry:default@ProcessRouterMap input file:E:\xjtu2-2\c4ai\666\oh-package.json5 cache by regenerate.
[2026-07-10T14:46:46.297] [DEBUG] debug-file - Update task entry:default@ProcessRouterMap input file:E:\xjtu2-2\c4ai\666\entry\src\main\module.json5 cache by regenerate.
[2026-07-10T14:46:46.297] [DEBUG] debug-file - Update task entry:default@ProcessRouterMap input file:E:\xjtu2-2\c4ai\666\entry\build\default\intermediates\loader\default\pkgContextInfo.json cache from map.
[2026-07-10T14:46:46.297] [DEBUG] debug-file - Update task entry:default@ProcessRouterMap output file:E:\xjtu2-2\c4ai\666\entry\build\default\intermediates\router_map\default\temp-router-map.json cache.
[2026-07-10T14:46:46.298] [DEBUG] debug-file - Update task entry:default@ProcessRouterMap output file:E:\xjtu2-2\c4ai\666\entry\build\default\intermediates\router_map\default\loader-router-map.json cache.
[2026-07-10T14:46:46.298] [DEBUG] debug-file - Incremental task entry:default@ProcessRouterMap post-execution cost:3 ms .
[2026-07-10T14:46:46.299] [DEBUG] debug-file - Update task entry:default@ProcessShareConfig input file:E:\xjtu2-2\c4ai\666\entry\oh-package.json5 cache by regenerate.
[2026-07-10T14:46:46.299] [DEBUG] debug-file - Update task entry:default@ProcessShareConfig input file:E:\xjtu2-2\c4ai\666\oh-package.json5 cache by regenerate.
[2026-07-10T14:46:46.300] [DEBUG] debug-file - Update task entry:default@ProcessShareConfig input file:E:\xjtu2-2\c4ai\666\entry\src\main\module.json5 cache by regenerate.
[2026-07-10T14:46:46.300] [DEBUG] debug-file - Update task entry:default@ProcessShareConfig input file:E:\xjtu2-2\c4ai\666\entry\build\default\intermediates\loader\default\pkgContextInfo.json cache from map.
[2026-07-10T14:46:46.300] [DEBUG] debug-file - Update task entry:default@ProcessShareConfig output file:E:\xjtu2-2\c4ai\666\entry\build\default\intermediates\share_config\default\temp-share-config.json cache.
[2026-07-10T14:46:46.301] [DEBUG] debug-file - Incremental task entry:default@ProcessShareConfig post-execution cost:3 ms .
[2026-07-10T14:46:46.301] [DEBUG] debug-file - Update task entry:default@ProcessStartupConfig input file:E:\xjtu2-2\c4ai\666\entry\build\default\intermediates\loader\default\pkgContextInfo.json cache from map.
[2026-07-10T14:46:46.301] [DEBUG] debug-file - Update task entry:default@ProcessStartupConfig output file:E:\xjtu2-2\c4ai\666\entry\build\default\intermediates\startup\default\startup_config.json cache.
[2026-07-10T14:46:46.302] [DEBUG] debug-file - Incremental task entry:default@ProcessStartupConfig post-execution cost:2 ms .
[2026-07-10T14:46:46.303] [DEBUG] debug-file - Update task entry:default@ProcessResource output file:E:\xjtu2-2\c4ai\666\entry\build\default\intermediates\res\default\resConfig.json cache.
[2026-07-10T14:46:46.303] [DEBUG] debug-file - Update task entry:default@ProcessResource output file:E:\xjtu2-2\c4ai\666\entry\build\default\intermediates\res\default\opt-compression.json cache.
[2026-07-10T14:46:46.304] [DEBUG] debug-file - Incremental task entry:default@ProcessResource post-execution cost:2 ms .
[2026-07-10T14:46:46.306] [DEBUG] debug-file - Update task entry:default@GenerateLoaderJson input file:E:\xjtu2-2\c4ai\666\entry\src\mock\mock-config.json5 cache by regenerate.
[2026-07-10T14:46:46.307] [DEBUG] debug-file - Update task entry:default@GenerateLoaderJson input file:E:\xjtu2-2\c4ai\666\entry\build\default\intermediates\loader\default\pkgContextInfo.json cache from map.
[2026-07-10T14:46:46.307] [DEBUG] debug-file - Update task entry:default@GenerateLoaderJson input file:E:\xjtu2-2\c4ai\666\entry\build\default\intermediates\router_map\default\temp-router-map.json cache by regenerate.
[2026-07-10T14:46:46.307] [DEBUG] debug-file - Update task entry:default@GenerateLoaderJson output file:E:\xjtu2-2\c4ai\666\entry\build\default\intermediates\loader\default\loader.json cache.
[2026-07-10T14:46:46.308] [DEBUG] debug-file - Incremental task entry:default@GenerateLoaderJson post-execution cost:4 ms .
[2026-07-10T14:46:46.309] [DEBUG] debug-file - Update task entry:default@ProcessLibs input file:E:\xjtu2-2\c4ai\666\build-profile.json5 cache by regenerate.
[2026-07-10T14:46:46.310] [DEBUG] debug-file - Update task entry:default@ProcessLibs input file:E:\xjtu2-2\c4ai\666\entry\build-profile.json5 cache by regenerate.
[2026-07-10T14:46:46.310] [DEBUG] debug-file - Update task entry:default@ProcessLibs output file:E:\xjtu2-2\c4ai\666\entry\build\default\intermediates\libs\default cache.
[2026-07-10T14:46:46.311] [DEBUG] debug-file - Incremental task entry:default@ProcessLibs post-execution cost:3 ms .
[2026-07-10T14:46:46.313] [DEBUG] debug-file - Update task entry:default@CompileResource input file:E:\xjtu2-2\c4ai\666\entry\src\main\resources cache by regenerate.
[2026-07-10T14:46:46.320] [DEBUG] debug-file - Update task entry:default@CompileResource input file:E:\xjtu2-2\c4ai\666\AppScope\resources cache by regenerate.
[2026-07-10T14:46:46.324] [DEBUG] debug-file - Update task entry:default@CompileResource input file:E:\xjtu2-2\c4ai\666\entry\build\default\intermediates\process_profile\default\module.json cache by regenerate.
[2026-07-10T14:46:46.325] [DEBUG] debug-file - Update task entry:default@CompileResource input file:E:\xjtu2-2\c4ai\666\entry\build\default\intermediates\res\default\resConfig.json cache by regenerate.
[2026-07-10T14:46:46.325] [DEBUG] debug-file - Update task entry:default@CompileResource output file:E:\xjtu2-2\c4ai\666\entry\build\default\intermediates\res\default cache.
[2026-07-10T14:46:46.333] [DEBUG] debug-file - Update task entry:default@CompileResource output file:E:\xjtu2-2\c4ai\666\entry\build\default\generated\r\default\ResourceTable.h cache.
[2026-07-10T14:46:46.334] [DEBUG] debug-file - Update task entry:default@CompileResource output file:E:\xjtu2-2\c4ai\666\entry\build\default\generated\r\default\ResourceTable.ts cache.
[2026-07-10T14:46:46.334] [DEBUG] debug-file - Update task entry:default@CompileResource output file:E:\xjtu2-2\c4ai\666\entry\build\default\generated\r\default cache.
[2026-07-10T14:46:46.335] [DEBUG] debug-file - Incremental task entry:default@CompileResource post-execution cost:24 ms .
[2026-07-10T14:46:46.335] [DEBUG] debug-file - Update task entry:default@DoNativeStrip input file:E:\xjtu2-2\c4ai\666\entry\build\default\intermediates\libs\default cache by regenerate.
[2026-07-10T14:46:46.337] [DEBUG] debug-file - Update task entry:default@DoNativeStrip output file:E:\xjtu2-2\c4ai\666\entry\build\default\intermediates\stripped_native_libs\default cache.
[2026-07-10T14:46:46.337] [DEBUG] debug-file - Incremental task entry:default@DoNativeStrip post-execution cost:2 ms .
[2026-07-10T14:46:46.340] [DEBUG] debug-file - Update task entry:default@CompileArkTS input file:E:\xjtu2-2\c4ai\666\entry\build\default\intermediates\loader\default cache by regenerate.
[2026-07-10T14:46:46.341] [DEBUG] debug-file - Update task entry:default@CompileArkTS input file:E:\xjtu2-2\c4ai\666\entry\build\default\intermediates\res\default\resources\rawfile cache by regenerate.
[2026-07-10T14:46:46.342] [DEBUG] debug-file - Update task entry:default@CompileArkTS input file:E:\xjtu2-2\c4ai\666\entry\build\default\intermediates\res\default\ResourceTable.txt cache by regenerate.
[2026-07-10T14:46:46.342] [DEBUG] debug-file - Update task entry:default@CompileArkTS input file:E:\xjtu2-2\c4ai\666\entry\build\default\intermediates\res\default\ark_module.json cache by regenerate.
[2026-07-10T14:46:46.343] [DEBUG] debug-file - Update task entry:default@CompileArkTS input file:E:\xjtu2-2\c4ai\666\entry\build\default\intermediates\res\default\resources\base\profile cache by regenerate.
[2026-07-10T14:46:46.344] [DEBUG] debug-file - Update task entry:default@CompileArkTS input file:E:\xjtu2-2\c4ai\666\entry\src\main\ets cache by regenerate.
[2026-07-10T14:46:46.348] [DEBUG] debug-file - Update task entry:default@CompileArkTS input file:E:\xjtu2-2\c4ai\666\entry\build\default\intermediates\loader\default\pkgContextInfo.json cache by regenerate.
[2026-07-10T14:46:46.348] [DEBUG] debug-file - Update task entry:default@CompileArkTS input file:E:\xjtu2-2\c4ai\666\entry\build\default\generated\profile\default\BuildProfile.ets cache by regenerate.
[2026-07-10T14:46:46.349] [DEBUG] debug-file - Update task entry:default@CompileArkTS input file:E:\xjtu2-2\c4ai\666\entry\src\mock\mock-config.json5 cache by regenerate.
[2026-07-10T14:46:46.349] [DEBUG] debug-file - Update task entry:default@CompileArkTS output file:E:\xjtu2-2\c4ai\666\entry\build\default\intermediates\loader_out\default\ets cache.
[2026-07-10T14:46:46.350] [DEBUG] debug-file - Incremental task entry:default@CompileArkTS post-execution cost:14 ms .
[2026-07-10T14:46:46.352] [DEBUG] debug-file - Update task entry:default@BuildJS input file:E:\xjtu2-2\c4ai\666\entry\build\default\intermediates\loader\default cache by regenerate.
[2026-07-10T14:46:46.353] [DEBUG] debug-file - Update task entry:default@BuildJS input file:E:\xjtu2-2\c4ai\666\entry\build\default\intermediates\res\default\resources\rawfile cache by regenerate.
[2026-07-10T14:46:46.354] [DEBUG] debug-file - Update task entry:default@BuildJS input file:E:\xjtu2-2\c4ai\666\entry\build\default\intermediates\res\default\ResourceTable.txt cache by regenerate.
[2026-07-10T14:46:46.354] [DEBUG] debug-file - Update task entry:default@BuildJS input file:E:\xjtu2-2\c4ai\666\entry\build\default\intermediates\res\default\ark_module.json cache by regenerate.
[2026-07-10T14:46:46.354] [DEBUG] debug-file - Update task entry:default@BuildJS input file:E:\xjtu2-2\c4ai\666\entry\build\default\intermediates\res\default\resources\base\profile cache by regenerate.
[2026-07-10T14:46:46.355] [DEBUG] debug-file - Update task entry:default@BuildJS input file:E:\xjtu2-2\c4ai\666\entry\build\default\intermediates\loader\default\pkgContextInfo.json cache by regenerate.
[2026-07-10T14:46:46.356] [DEBUG] debug-file - Update task entry:default@BuildJS output file:E:\xjtu2-2\c4ai\666\entry\build\default\intermediates\loader_out\default\js cache.
[2026-07-10T14:46:46.356] [DEBUG] debug-file - Incremental task entry:default@BuildJS post-execution cost:6 ms .
[2026-07-10T14:46:46.357] [DEBUG] debug-file - Update task entry:default@CacheNativeLibs input file:E:\xjtu2-2\c4ai\666\entry\build\default\intermediates\stripped_native_libs\default cache by regenerate.
[2026-07-10T14:46:46.357] [DEBUG] debug-file - Update task entry:default@CacheNativeLibs input file:E:\xjtu2-2\c4ai\666\entry\build\default\intermediates\libs\default cache by regenerate.
[2026-07-10T14:46:46.357] [DEBUG] debug-file - Update task entry:default@CacheNativeLibs output file:E:\xjtu2-2\c4ai\666\entry\build\default\intermediates\patch\default\base_native_libs.json cache.
[2026-07-10T14:46:46.358] [DEBUG] debug-file - Update task entry:default@CacheNativeLibs output file:E:\xjtu2-2\c4ai\666\entry\build\default\intermediates\patch\default\binxo_native_libs.json cache.
[2026-07-10T14:46:46.358] [DEBUG] debug-file - Incremental task entry:default@CacheNativeLibs post-execution cost:2 ms .
[2026-07-10T14:46:46.359] [DEBUG] debug-file - Update task entry:default@GeneratePkgModuleJson input file:E:\xjtu2-2\c4ai\666\entry\build\default\intermediates\res\default\module.json cache by regenerate.
[2026-07-10T14:46:46.359] [DEBUG] debug-file - Update task entry:default@GeneratePkgModuleJson output file:E:\xjtu2-2\c4ai\666\entry\build\default\intermediates\package\default\module.json cache.
[2026-07-10T14:46:46.359] [DEBUG] debug-file - Incremental task entry:default@GeneratePkgModuleJson post-execution cost:1 ms .
[2026-07-10T14:46:46.359] [DEBUG] debug-file - Incremental task entry:default@ProcessCompiledResources post-execution cost:1 ms .
[2026-07-10T14:46:46.360] [DEBUG] debug-file - Update task entry:default@PackageHap input file:E:\xjtu2-2\c4ai\666\entry\build\default\intermediates\stripped_native_libs\default cache by regenerate.
[2026-07-10T14:46:46.361] [DEBUG] debug-file - Update task entry:default@PackageHap input file:E:\xjtu2-2\c4ai\666\entry\build\default\intermediates\res\default\module.json cache by regenerate.
[2026-07-10T14:46:46.361] [DEBUG] debug-file - Update task entry:default@PackageHap input file:E:\xjtu2-2\c4ai\666\entry\build\default\intermediates\res\default\resources cache by regenerate.
[2026-07-10T14:46:46.365] [DEBUG] debug-file - Update task entry:default@PackageHap input file:E:\xjtu2-2\c4ai\666\entry\build\default\intermediates\res\default\resources.index cache by regenerate.
[2026-07-10T14:46:46.366] [DEBUG] debug-file - Update task entry:default@PackageHap input file:E:\xjtu2-2\c4ai\666\entry\build\default\outputs\default\pack.info cache by regenerate.
[2026-07-10T14:46:46.366] [DEBUG] debug-file - Update task entry:default@PackageHap input file:E:\xjtu2-2\c4ai\666\entry\build\default\intermediates\loader_out\default\ets cache by regenerate.
[2026-07-10T14:46:46.367] [DEBUG] debug-file - Update task entry:default@PackageHap input file:E:\xjtu2-2\c4ai\666\entry\build\default\intermediates\loader\default\pkgContextInfo.json cache by regenerate.
[2026-07-10T14:46:46.367] [DEBUG] debug-file - Update task entry:default@PackageHap input file:E:\xjtu2-2\c4ai\666\entry\build\default\intermediates\loader_out\default\ets\sourceMaps.map cache by regenerate.
[2026-07-10T14:46:46.368] [DEBUG] debug-file - Update task entry:default@PackageHap input file:E:\xjtu2-2\c4ai\666\entry\build\default\generated\profile\default\BuildProfile.ets cache by regenerate.
[2026-07-10T14:46:46.368] [DEBUG] debug-file - Update task entry:default@PackageHap output file:E:\xjtu2-2\c4ai\666\entry\build\default\outputs\default\entry-default-unsigned.hap cache.
[2026-07-10T14:46:46.368] [DEBUG] debug-file - Update task entry:default@PackageHap output file:E:\xjtu2-2\c4ai\666\entry\build\default\intermediates\source_map\default\sourceMaps.map cache.
[2026-07-10T14:46:46.369] [DEBUG] debug-file - Update task entry:default@PackageHap output file:E:\xjtu2-2\c4ai\666\entry\build\default\outputs\default\mapping\sourceMaps.map cache.
[2026-07-10T14:46:46.369] [DEBUG] debug-file - Incremental task entry:default@PackageHap post-execution cost:10 ms .
[2026-07-10T14:46:46.370] [DEBUG] debug-file - Update task entry:default@SignHap input file:E:\xjtu2-2\c4ai\666\entry\build\default\outputs\default\entry-default-unsigned.hap cache by regenerate.
[2026-07-10T14:46:46.370] [DEBUG] debug-file - Update task entry:default@SignHap output file:E:\xjtu2-2\c4ai\666\entry\build\default\outputs\default\entry-default-signed.hap cache.
[2026-07-10T14:46:46.370] [DEBUG] debug-file - Incremental task entry:default@SignHap post-execution cost:1 ms .
[2026-07-10T14:46:46.371] [DEBUG] debug-file - Update task entry:default@CollectDebugSymbol input file:E:\xjtu2-2\c4ai\666\entry\build\default\intermediates\loader_out\default\ets\sourceMaps.map cache by regenerate.
[2026-07-10T14:46:46.372] [DEBUG] debug-file - Update task entry:default@CollectDebugSymbol input file:E:\xjtu2-2\c4ai\666\entry\build\default\intermediates\libs\default cache by regenerate.
[2026-07-10T14:46:46.372] [DEBUG] debug-file - Update task entry:default@CollectDebugSymbol output file:E:\xjtu2-2\c4ai\666\entry\build\default\outputs\default\symbol cache.
[2026-07-10T14:46:46.373] [DEBUG] debug-file - Incremental task entry:default@CollectDebugSymbol post-execution cost:3 ms .
[2026-07-10T14:46:46.404] [DEBUG] debug-file - Cleanup worker 16.
[2026-07-10T14:46:46.404] [DEBUG] debug-file - Worker 16 has been cleaned up.
[2026-07-10T14:46:46.405] [DEBUG] debug-file - Current idle worker size: 1.
[2026-07-10T14:46:46.405] [DEBUG] debug-file - Current resident worker size: 2.
[2026-07-10T14:46:46.405] [DEBUG] debug-file - hvigor build process will be closed.
[2026-07-10T14:46:46.420] [DEBUG] debug-file - worker[16] exits with exit code 1.
[2026-07-10T14:46:46.426] [DEBUG] debug-file - session manager: send message to worker process.
[2026-07-10T14:46:46.427] [DEBUG] debug-file - session manager: send message to worker process.
[2026-07-10T14:46:46.427] [DEBUG] debug-file - watch worker: worker id should be larger than 0. Nothing will be sent to any worker thread.
[2026-07-10T14:46:46.428] [DEBUG] debug-file - watch worker: worker id should be larger than 0. Nothing will be sent to any worker thread.
[2026-07-10T14:46:49.780] [DEBUG] debug-file - session manager: set active socket. socketId=99xz-khQYJZzJaMAAAAL
[2026-07-10T14:46:49.801] [DEBUG] debug-file - watch worker: worker id should be larger than 0. Nothing will be sent to any worker thread.
[2026-07-10T14:46:49.808] [DEBUG] debug-file - Workers' log level updated to INFO
[2026-07-10T14:46:49.812] [DEBUG] debug-file - Hvigor init with startParameters:{
  hvigorfileTypeCheck: false,
  parallelExecution: true,
  incrementalExecution: true,
  printStackTrace: false,
  daemon: true,
  analyze: 0,
  logLevel: Level { level: 20000, levelStr: 'INFO', colour: 'green' },
  optimizationStrategy: 'memory',
  hotCompile: undefined,
  hotReloadBuild: undefined,
  customizedParam: undefined
}
[2026-07-10T14:46:49.817] [DEBUG] debug-file - Cache service initialization finished in 6 ms 
[2026-07-10T14:46:49.819] [DEBUG] debug-file - hvigorfile, resolving E:\xjtu2-2\c4ai\666\hvigorfile.ts
[2026-07-10T14:46:49.827] [DEBUG] debug-file - hvigorfile, require result:  { default: { plugins: [] } }
[2026-07-10T14:46:49.828] [DEBUG] debug-file - hvigorfile, binding system plugins null
[2026-07-10T14:46:49.828] [DEBUG] debug-file - Starting plugin build process
[2026-07-10T14:46:49.828] [DEBUG] debug-file - App plugin prepare start...
[2026-07-10T14:46:49.828] [DEBUG] debug-file - App plugin prepare end...
[2026-07-10T14:46:49.828] [DEBUG] debug-file - App plugin creating...
[2026-07-10T14:46:49.834] [DEBUG] debug-file - App plugin register hook start...
[2026-07-10T14:46:49.834] [DEBUG] debug-file - App plugin register hook end...
[2026-07-10T14:46:49.834] [DEBUG] debug-file - Plugin build process completed
[2026-07-10T14:46:49.835] [DEBUG] debug-file - Start initialize project's product build option map with build mode debug.
[2026-07-10T14:46:49.835] [DEBUG] debug-file - Picking option from product 'default' with build mode 'debug'.
[2026-07-10T14:46:49.835] [DEBUG] debug-file - Product 'default' build option initialized
[2026-07-10T14:46:49.835] [DEBUG] debug-file - End initialize project's product build option map with build mode 'debug'.
[2026-07-10T14:46:49.836] [DEBUG] debug-file - Obtain build option for product 'default'in this build.
[2026-07-10T14:46:49.838] [DEBUG] debug-file - No signingConfig found, initRemoteHspCache failed.
[2026-07-10T14:46:49.841] [DEBUG] debug-file - Start recording SDK configuration permission data.
[2026-07-10T14:46:49.864] [DEBUG] debug-file - Sdk init in 26 ms 
[2026-07-10T14:46:49.870] [DEBUG] debug-file - Project task initialization takes 5 ms 
[2026-07-10T14:46:49.870] [DEBUG] debug-file - hvigorfile, begin to bind custom plugins...
[2026-07-10T14:46:49.870] [DEBUG] debug-file - hvigorfile, no custom plugins were found in E:\xjtu2-2\c4ai\666\hvigorfile.ts
[2026-07-10T14:46:49.870] [DEBUG] debug-file - hvigorfile, resolve finished E:\xjtu2-2\c4ai\666\hvigorfile.ts
[2026-07-10T14:46:49.871] [DEBUG] debug-file - hvigorfile, resolving E:\xjtu2-2\c4ai\666\entry\hvigorfile.ts
[2026-07-10T14:46:49.878] [DEBUG] debug-file - hvigorfile, require result:  { default: { plugins: [] } }
[2026-07-10T14:46:49.878] [DEBUG] debug-file - hvigorfile, binding system plugins null
[2026-07-10T14:46:49.878] [DEBUG] debug-file - Starting plugin build process
[2026-07-10T14:46:49.878] [DEBUG] debug-file - Hap plugin creating...
[2026-07-10T14:46:49.880] [DEBUG] debug-file - failed to load cangjie to dynamically generate schemas: Error: Cannot find module '@ohos/cangjie-build-support/index'
Require stack:
- D:\new\deveco\tools\hvigor\hvigor-ohos-plugin\src\plugin\hooks\cangjie-register.js
- D:\new\deveco\tools\hvigor\hvigor-ohos-plugin\src\plugin\strategy\stage-init-strategy.js
- D:\new\deveco\tools\hvigor\hvigor-ohos-plugin\src\plugin\builder\abstract-plugin-builder.js
- D:\new\deveco\tools\hvigor\hvigor-ohos-plugin\src\plugin\builder\app-plugin-builder.js
- D:\new\deveco\tools\hvigor\hvigor-ohos-plugin\src\plugin\factory\plugin-factory.js
- D:\new\deveco\tools\hvigor\hvigor-ohos-plugin\index.js
- E:\xjtu2-2\c4ai\666\hvigorfile.ts
- D:\new\deveco\tools\hvigor\hvigor\src\base\internal\lifecycle\configuration.js
- D:\new\deveco\tools\hvigor\hvigor\src\base\boot\index.js
- D:\new\deveco\tools\hvigor\hvigor\src\base\daemon\cluster\worker-process-lifecycle.js
- D:\new\deveco\tools\hvigor\hvigor\src\base\daemon\process\daemon-process-boot-script.js
[2026-07-10T14:46:49.882] [DEBUG] debug-file - Start initialize module-target build option map, moduleName=entry, buildMode=debug
[2026-07-10T14:46:49.882] [DEBUG] debug-file - Target 'default' config initialized
[2026-07-10T14:46:49.883] [DEBUG] debug-file - Target 'ohosTest' config initialized
[2026-07-10T14:46:49.883] [DEBUG] debug-file - Module 'entry' target 'default' build option initialized
[2026-07-10T14:46:49.883] [DEBUG] debug-file - Module 'entry' target 'ohosTest' build option initialized
[2026-07-10T14:46:49.883] [DEBUG] debug-file - End initialize module-target build option map, moduleName=entry
[2026-07-10T14:46:49.883] [DEBUG] debug-file - Start initialize module-target build option map, moduleName=entry, buildMode=release
[2026-07-10T14:46:49.883] [DEBUG] debug-file - Target 'default' config initialized
[2026-07-10T14:46:49.883] [DEBUG] debug-file - Target 'ohosTest' config initialized
[2026-07-10T14:46:49.883] [DEBUG] debug-file - Module 'entry' target 'default' build option initialized
[2026-07-10T14:46:49.883] [DEBUG] debug-file - Module 'entry' target 'ohosTest' build option initialized
[2026-07-10T14:46:49.883] [DEBUG] debug-file - End initialize module-target build option map, moduleName=entry
[2026-07-10T14:46:49.884] [DEBUG] debug-file - Start initialize module-target build option map, moduleName=entry, buildMode=debug
[2026-07-10T14:46:49.884] [DEBUG] debug-file - Target 'default' config initialized
[2026-07-10T14:46:49.884] [DEBUG] debug-file - Target 'ohosTest' config initialized
[2026-07-10T14:46:49.884] [DEBUG] debug-file - Module 'entry' target 'default' build option initialized
[2026-07-10T14:46:49.884] [DEBUG] debug-file - Module 'entry' target 'ohosTest' build option initialized
[2026-07-10T14:46:49.884] [DEBUG] debug-file - End initialize module-target build option map, moduleName=entry
[2026-07-10T14:46:49.884] [DEBUG] debug-file - Obtain build option for module 'entry' target 'default'in this build.
[2026-07-10T14:46:49.885] [DEBUG] debug-file - Module entry task initialization takes 1 ms 
[2026-07-10T14:46:49.885] [DEBUG] debug-file - Hap plugin register hook start...
[2026-07-10T14:46:49.885] [DEBUG] debug-file - Hap plugin register hook end...
[2026-07-10T14:46:49.885] [DEBUG] debug-file - Plugin build process completed
[2026-07-10T14:46:49.885] [DEBUG] debug-file - hvigorfile, begin to bind custom plugins...
[2026-07-10T14:46:49.885] [DEBUG] debug-file - hvigorfile, no custom plugins were found in E:\xjtu2-2\c4ai\666\entry\hvigorfile.ts
[2026-07-10T14:46:49.885] [DEBUG] debug-file - hvigorfile, resolve finished E:\xjtu2-2\c4ai\666\entry\hvigorfile.ts
[2026-07-10T14:46:49.905] [DEBUG] debug-file - hvigorfile, resolve hvigorfile dependencies in 19 ms 
[2026-07-10T14:46:49.905] [DEBUG] debug-file - project has submodules:entry
[2026-07-10T14:46:49.906] [DEBUG] debug-file - start to load updatedOhPackageInfo to the disk
[2026-07-10T14:46:49.909] [DEBUG] debug-file - load to the disk finished
[2026-07-10T14:46:49.911] [DEBUG] debug-file - Start to initialize dependency information.
[2026-07-10T14:46:49.917] [DEBUG] debug-file - Module 666 Collected Dependency: 
[2026-07-10T14:46:49.917] [DEBUG] debug-file - Module 666's total dependency: 0
[2026-07-10T14:46:49.918] [DEBUG] debug-file - Start to initialize dependency information.
[2026-07-10T14:46:49.920] [DEBUG] debug-file - Module entry Collected Dependency: 
[2026-07-10T14:46:49.921] [DEBUG] debug-file - Module entry's total dependency: 0
[2026-07-10T14:46:49.923] [DEBUG] debug-file - Configuration phase cost:106 ms 
[2026-07-10T14:46:49.924] [DEBUG] debug-file - Configuration task cost before running: 116 ms 
[2026-07-10T14:46:49.928] [DEBUG] debug-file - Executing task :entry:default@PreBuild
[2026-07-10T14:46:49.931] [DEBUG] debug-file - Task 'entry:default@PreBuild' cost while wrapping incremental declarations: 1 ms 
[2026-07-10T14:46:49.939] [DEBUG] debug-file - Incremental task entry:default@PreBuild pre-execution cost: 6 ms .
[2026-07-10T14:46:49.940] [DEBUG] debug-file - entry : default@PreBuild cost memory -2.9522857666015625
[2026-07-10T14:46:49.943] [INFO] debug-file - UP-TO-DATE :entry:default@PreBuild...  
[2026-07-10T14:46:49.944] [DEBUG] debug-file - Executing task :entry:default@CreateModuleInfo
[2026-07-10T14:46:49.944] [DEBUG] debug-file - Task 'entry:default@CreateModuleInfo' cost while wrapping incremental declarations: 1 ms 
[2026-07-10T14:46:49.945] [DEBUG] debug-file - entry : default@CreateModuleInfo cost memory 0.0412750244140625
[2026-07-10T14:46:49.945] [DEBUG] debug-file - runTaskFromQueue task cost before running: 137 ms 
[2026-07-10T14:46:49.945] [INFO] debug-file - Finished :entry:default@CreateModuleInfo... after 1 ms 
[2026-07-10T14:46:49.946] [DEBUG] debug-file - Executing task :entry:default@MergeProfile
[2026-07-10T14:46:49.946] [DEBUG] debug-file - Task 'entry:default@MergeProfile' cost while wrapping incremental declarations: 1 ms 
[2026-07-10T14:46:49.948] [DEBUG] debug-file - entry:default@MergeProfile is not up-to-date, since the task snapshots are different.
[2026-07-10T14:46:49.948] [DEBUG] debug-file - Incremental task entry:default@MergeProfile pre-execution cost: 2 ms .
[2026-07-10T14:46:49.948] [DEBUG] debug-file - Change app api release type with 'Release'
[2026-07-10T14:46:49.948] [DEBUG] debug-file - Change app compile API version with '6.1.1.125'
[2026-07-10T14:46:49.948] [DEBUG] debug-file - Change app target API version with '60101024'
[2026-07-10T14:46:49.948] [DEBUG] debug-file - Change app minimum API version with '60101024'
[2026-07-10T14:46:49.948] [DEBUG] debug-file - Use cli appEnvironment
[2026-07-10T14:46:49.950] [DEBUG] debug-file - entry : default@MergeProfile cost memory 0.26441192626953125
[2026-07-10T14:46:49.950] [DEBUG] debug-file - runTaskFromQueue task cost before running: 142 ms 
[2026-07-10T14:46:49.951] [INFO] debug-file - Finished :entry:default@MergeProfile... after 5 ms 
[2026-07-10T14:46:49.952] [DEBUG] debug-file - Executing task :entry:default@CreateBuildProfile
[2026-07-10T14:46:49.952] [DEBUG] debug-file - Task 'entry:default@CreateBuildProfile' cost while wrapping incremental declarations: 1 ms 
[2026-07-10T14:46:49.954] [DEBUG] debug-file - entry:default@CreateBuildProfile is not up-to-date, since the task snapshots are different.
[2026-07-10T14:46:49.954] [DEBUG] debug-file - Incremental task entry:default@CreateBuildProfile pre-execution cost: 2 ms .
[2026-07-10T14:46:49.955] [DEBUG] debug-file - entry : default@CreateBuildProfile cost memory 0.125701904296875
[2026-07-10T14:46:49.955] [DEBUG] debug-file - runTaskFromQueue task cost before running: 147 ms 
[2026-07-10T14:46:49.955] [INFO] debug-file - Finished :entry:default@CreateBuildProfile... after 3 ms 
[2026-07-10T14:46:49.957] [DEBUG] debug-file - Executing task :entry:default@PreCheckSyscap
[2026-07-10T14:46:49.957] [DEBUG] debug-file - entry : default@PreCheckSyscap cost memory 0.01470184326171875
[2026-07-10T14:46:49.957] [DEBUG] debug-file - runTaskFromQueue task cost before running: 149 ms 
[2026-07-10T14:46:49.957] [INFO] debug-file - Finished :entry:default@PreCheckSyscap... after 1 ms 
[2026-07-10T14:46:49.958] [DEBUG] debug-file - Executing task :entry:default@GeneratePkgContextInfo
[2026-07-10T14:46:49.964] [DEBUG] debug-file - Task 'entry:default@GeneratePkgContextInfo' cost while wrapping incremental declarations: 1 ms 
[2026-07-10T14:46:49.964] [DEBUG] debug-file - entry:default@GeneratePkgContextInfo is not up-to-date, since the task snapshots are different.
[2026-07-10T14:46:49.964] [DEBUG] debug-file - Incremental task entry:default@GeneratePkgContextInfo pre-execution cost: 1 ms .
[2026-07-10T14:46:49.966] [DEBUG] debug-file - entry : default@GeneratePkgContextInfo cost memory 0.29497528076171875
[2026-07-10T14:46:49.966] [DEBUG] debug-file - runTaskFromQueue task cost before running: 158 ms 
[2026-07-10T14:46:49.966] [INFO] debug-file - Finished :entry:default@GeneratePkgContextInfo... after 8 ms 
[2026-07-10T14:46:49.967] [DEBUG] debug-file - Executing task :entry:default@ProcessProfile
[2026-07-10T14:46:49.968] [DEBUG] debug-file - Task 'entry:default@ProcessProfile' cost while wrapping incremental declarations: 1 ms 
[2026-07-10T14:46:49.969] [DEBUG] debug-file - entry:default@ProcessProfile is not up-to-date, since the input file 'E:\xjtu2-2\c4ai\666\entry\.preview\default\intermediates\merge_profile\default\module.json' has been changed.
[2026-07-10T14:46:49.969] [DEBUG] debug-file - Incremental task entry:default@ProcessProfile pre-execution cost: 1 ms .
[2026-07-10T14:46:49.970] [DEBUG] debug-file - [
  'D:\\new\\deveco\\tools\\node\\node.exe',
  'D:\\new\\deveco\\sdk\\default\\openharmony\\ets\\build-tools\\ets-loader\\bin\\ark\\ts2abc.js',
  '--target-api-version',
  '24'
]
[2026-07-10T14:46:50.087] [DEBUG] debug-file - 24.0.0.0
[2026-07-10T14:46:50.090] [DEBUG] debug-file - entry : default@ProcessProfile cost memory 0.33827972412109375
[2026-07-10T14:46:50.090] [DEBUG] debug-file - runTaskFromQueue task cost before running: 282 ms 
[2026-07-10T14:46:50.090] [INFO] debug-file - Finished :entry:default@ProcessProfile... after 123 ms 
[2026-07-10T14:46:50.091] [DEBUG] debug-file - Executing task :entry:default@ProcessRouterMap
[2026-07-10T14:46:50.094] [DEBUG] debug-file - entry:default@ProcessRouterMap is not up-to-date, since the input file 'E:\xjtu2-2\c4ai\666\entry\.preview\default\intermediates\loader\default\pkgContextInfo.json' has been changed.
[2026-07-10T14:46:50.094] [DEBUG] debug-file - Incremental task entry:default@ProcessRouterMap pre-execution cost: 2 ms .
[2026-07-10T14:46:50.095] [DEBUG] debug-file - entry : default@ProcessRouterMap cost memory 0.12934112548828125
[2026-07-10T14:46:50.096] [DEBUG] debug-file - runTaskFromQueue task cost before running: 287 ms 
[2026-07-10T14:46:50.096] [INFO] debug-file - Finished :entry:default@ProcessRouterMap... after 5 ms 
[2026-07-10T14:46:50.097] [DEBUG] debug-file - Executing task :entry:default@ProcessShareConfig
[2026-07-10T14:46:50.100] [DEBUG] debug-file - entry:default@ProcessShareConfig is not up-to-date, since the input file 'E:\xjtu2-2\c4ai\666\entry\.preview\default\intermediates\loader\default\pkgContextInfo.json' has been changed.
[2026-07-10T14:46:50.100] [DEBUG] debug-file - Incremental task entry:default@ProcessShareConfig pre-execution cost: 3 ms .
[2026-07-10T14:46:50.102] [DEBUG] debug-file - entry : default@ProcessShareConfig cost memory 0.11817169189453125
[2026-07-10T14:46:50.102] [DEBUG] debug-file - runTaskFromQueue task cost before running: 294 ms 
[2026-07-10T14:46:50.103] [INFO] debug-file - Finished :entry:default@ProcessShareConfig... after 5 ms 
[2026-07-10T14:46:50.104] [DEBUG] debug-file - Executing task :entry:default@ProcessStartupConfig
[2026-07-10T14:46:50.104] [DEBUG] debug-file - Task 'entry:default@ProcessStartupConfig' cost while wrapping incremental declarations: 1 ms 
[2026-07-10T14:46:50.105] [DEBUG] debug-file - entry:default@ProcessStartupConfig is not up-to-date, since the input file 'E:\xjtu2-2\c4ai\666\entry\.preview\default\intermediates\loader\default\pkgContextInfo.json' has been changed.
[2026-07-10T14:46:50.105] [DEBUG] debug-file - Incremental task entry:default@ProcessStartupConfig pre-execution cost: 1 ms .
[2026-07-10T14:46:50.106] [DEBUG] debug-file - entry : default@ProcessStartupConfig cost memory 0.1379852294921875
[2026-07-10T14:46:50.106] [DEBUG] debug-file - runTaskFromQueue task cost before running: 298 ms 
[2026-07-10T14:46:50.107] [INFO] debug-file - Finished :entry:default@ProcessStartupConfig... after 3 ms 
[2026-07-10T14:46:50.108] [DEBUG] debug-file - restool module names: entry; moduleName=entry, taskName=default@PreviewProcessResource
[2026-07-10T14:46:50.109] [DEBUG] debug-file - Executing task :entry:default@PreviewProcessResource
[2026-07-10T14:46:50.109] [DEBUG] debug-file - Task 'entry:default@PreviewProcessResource' cost while wrapping incremental declarations: 1 ms 
[2026-07-10T14:46:50.109] [DEBUG] debug-file - entry : default@PreviewProcessResource cost memory 0.0524444580078125
[2026-07-10T14:46:50.110] [DEBUG] debug-file - runTaskFromQueue task cost before running: 302 ms 
[2026-07-10T14:46:50.111] [INFO] debug-file - Finished :entry:default@PreviewProcessResource... after 2 ms 
[2026-07-10T14:46:50.113] [DEBUG] debug-file - Executing task :entry:default@GenerateLoaderJson
[2026-07-10T14:46:50.118] [DEBUG] debug-file - Task 'entry:default@GenerateLoaderJson' cost while wrapping incremental declarations: 1 ms 
[2026-07-10T14:46:50.127] [DEBUG] debug-file - entry:default@GenerateLoaderJson is not up-to-date, since the input file 'E:\xjtu2-2\c4ai\666\entry\.preview\default\intermediates\loader\default\pkgContextInfo.json' has been changed.
[2026-07-10T14:46:50.127] [DEBUG] debug-file - Incremental task entry:default@GenerateLoaderJson pre-execution cost: 6 ms .
[2026-07-10T14:46:50.131] [DEBUG] debug-file - entry : default@GenerateLoaderJson cost memory 0.6256790161132812
[2026-07-10T14:46:50.131] [DEBUG] debug-file - runTaskFromQueue task cost before running: 323 ms 
[2026-07-10T14:46:50.135] [INFO] debug-file - Finished :entry:default@GenerateLoaderJson... after 18 ms 
[2026-07-10T14:46:50.137] [DEBUG] debug-file - restool module names: entry; moduleName=entry, taskName=default@PreviewCompileResource
[2026-07-10T14:46:50.138] [DEBUG] debug-file - Executing task :entry:default@PreviewCompileResource
[2026-07-10T14:46:50.142] [DEBUG] debug-file - entry:default@PreviewCompileResource is not up-to-date, since the input file 'E:\xjtu2-2\c4ai\666\entry\.preview\default\intermediates\merge_profile\default\module.json' has been changed.
[2026-07-10T14:46:50.143] [DEBUG] debug-file - Incremental task entry:default@PreviewCompileResource pre-execution cost: 5 ms .
[2026-07-10T14:46:50.160] [DEBUG] debug-file - Use tool [D:\new\deveco\sdk\default\openharmony\toolchains\restool.exe]
 [
  'D:\\new\\deveco\\sdk\\default\\openharmony\\toolchains\\restool.exe',
  '-x',
  'E:\\xjtu2-2\\c4ai\\666\\AppScope\\resources',
  '-o',
  'E:\\xjtu2-2\\c4ai\\666\\entry\\.preview\\default\\intermediates\\res\\default\\app_compiled'
]
[2026-07-10T14:46:50.161] [DEBUG] debug-file - current process  memoryUsage: {
  rss: 535658496,
  heapTotal: 138645504,
  heapUsed: 116051968,
  external: 3132860,
  arrayBuffers: 105233
} os memoryUsage :23.36111831665039
[2026-07-10T14:46:50.363] [DEBUG] debug-file - Info: restool resources compile success.

[2026-07-10T14:46:50.368] [DEBUG] debug-file - Use tool [D:\new\deveco\sdk\default\openharmony\toolchains\restool.exe]
 [
  'D:\\new\\deveco\\sdk\\default\\openharmony\\toolchains\\restool.exe',
  '-x',
  'E:\\xjtu2-2\\c4ai\\666\\entry\\src\\main\\resources',
  '-o',
  'E:\\xjtu2-2\\c4ai\\666\\entry\\.preview\\default\\intermediates\\res\\default\\module_compiled'
]
[2026-07-10T14:46:50.368] [DEBUG] debug-file - current process  memoryUsage: {
  rss: 535666688,
  heapTotal: 138645504,
  heapUsed: 116191352,
  external: 3132986,
  arrayBuffers: 105374
} os memoryUsage :23.287952423095703
[2026-07-10T14:46:50.555] [DEBUG] debug-file - Info: restool resources compile success.

[2026-07-10T14:46:50.559] [DEBUG] debug-file - Use tool [D:\new\deveco\sdk\default\openharmony\toolchains\restool.exe]
 [
  'D:\\new\\deveco\\sdk\\default\\openharmony\\toolchains\\restool.exe',
  '-m',
  'entry',
  '-f',
  '-j',
  'E:\\xjtu2-2\\c4ai\\666\\entry\\.preview\\default\\intermediates\\process_profile\\default\\module.json',
  '-p',
  'c***n',
  '-r',
  'E:\\xjtu2-2\\c4ai\\666\\entry\\.preview\\default\\generated\\r\\default\\ResourceTable.h',
  '-z',
  '--ids',
  'E:\\xjtu2-2\\c4ai\\666\\entry\\.preview\\default\\intermediates\\res\\default\\ids_map',
  '--defined-ids',
  'E:\\xjtu2-2\\c4ai\\666\\entry\\.preview\\default\\intermediates\\res\\default\\ids_map\\id_defined.json',
  '-i',
  'E:\\xjtu2-2\\c4ai\\666\\entry\\.preview\\default\\intermediates\\res\\default\\app_compiled',
  '-i',
  'E:\\xjtu2-2\\c4ai\\666\\entry\\.preview\\default\\intermediates\\res\\default\\module_compiled',
  '-o',
  'E:\\xjtu2-2\\c4ai\\666\\entry\\.preview\\default\\intermediates\\res\\default',
  '--defined-sysids',
  'D:\\new\\deveco\\sdk\\default\\hms\\toolchains\\id_defined.json'
]
[2026-07-10T14:46:50.560] [DEBUG] debug-file - current process  memoryUsage: {
  rss: 535674880,
  heapTotal: 138645504,
  heapUsed: 116355032,
  external: 3133112,
  arrayBuffers: 106446
} os memoryUsage :23.285114288330078
[2026-07-10T14:46:50.783] [DEBUG] debug-file - Info: hardware concurrency count is : 18
Info: thread count is : 18

[2026-07-10T14:46:50.784] [DEBUG] debug-file - Info: thread pool is started

[2026-07-10T14:46:50.790] [DEBUG] debug-file - Info: restool resources compile success.

[2026-07-10T14:46:50.790] [DEBUG] debug-file - Info: thread pool is stopped

[2026-07-10T14:46:50.796] [DEBUG] debug-file - entry : default@PreviewCompileResource cost memory 0.8710784912109375
[2026-07-10T14:46:50.796] [DEBUG] debug-file - runTaskFromQueue task cost before running: 988 ms 
[2026-07-10T14:46:50.797] [INFO] debug-file - Finished :entry:default@PreviewCompileResource... after 659 ms 
[2026-07-10T14:46:50.798] [DEBUG] debug-file - Executing task :entry:default@PreviewHookCompileResource
[2026-07-10T14:46:50.798] [DEBUG] debug-file - entry : default@PreviewHookCompileResource cost memory 0.0147552490234375
[2026-07-10T14:46:50.798] [DEBUG] debug-file - runTaskFromQueue task cost before running: 990 ms 
[2026-07-10T14:46:50.799] [INFO] debug-file - Finished :entry:default@PreviewHookCompileResource... after 1 ms 
[2026-07-10T14:46:50.800] [DEBUG] debug-file - Executing task :entry:default@CopyPreviewProfile
[2026-07-10T14:46:50.802] [DEBUG] debug-file - entry:default@CopyPreviewProfile is not up-to-date, since the output file 'E:\xjtu2-2\c4ai\666\entry\.preview\default\intermediates\res\default\resources\base\profile' does not exist.
[2026-07-10T14:46:50.802] [DEBUG] debug-file - Incremental task entry:default@CopyPreviewProfile pre-execution cost: 2 ms .
[2026-07-10T14:46:50.807] [DEBUG] debug-file - entry : default@CopyPreviewProfile cost memory 0.19713592529296875
[2026-07-10T14:46:50.807] [DEBUG] debug-file - runTaskFromQueue task cost before running: 999 ms 
[2026-07-10T14:46:50.808] [INFO] debug-file - Finished :entry:default@CopyPreviewProfile... after 8 ms 
[2026-07-10T14:46:50.809] [DEBUG] debug-file - Executing task :entry:default@ReplacePreviewerPage
[2026-07-10T14:46:50.809] [DEBUG] debug-file - entry : default@ReplacePreviewerPage cost memory 0.01471710205078125
[2026-07-10T14:46:50.809] [DEBUG] debug-file - runTaskFromQueue task cost before running: 1 s 
[2026-07-10T14:46:50.809] [INFO] debug-file - Finished :entry:default@ReplacePreviewerPage... after 1 ms 
[2026-07-10T14:46:50.810] [DEBUG] debug-file - Executing task :entry:buildPreviewerResource
[2026-07-10T14:46:50.810] [DEBUG] debug-file - entry : buildPreviewerResource cost memory 0.01659393310546875
[2026-07-10T14:46:50.810] [DEBUG] debug-file - runTaskFromQueue task cost before running: 1 s 2 ms 
[2026-07-10T14:46:50.810] [INFO] debug-file - Finished :entry:buildPreviewerResource... after 1 ms 
[2026-07-10T14:46:50.811] [DEBUG] debug-file - Executing task :entry:default@PreviewUpdateAssets
[2026-07-10T14:46:50.813] [DEBUG] debug-file - entry:default@PreviewUpdateAssets is not up-to-date, since the output file 'E:\xjtu2-2\c4ai\666\entry\.preview\default\intermediates\res\default\module.json' has been changed.
[2026-07-10T14:46:50.813] [DEBUG] debug-file - Incremental task entry:default@PreviewUpdateAssets pre-execution cost: 2 ms .
[2026-07-10T14:46:50.815] [DEBUG] debug-file - entry : default@PreviewUpdateAssets cost memory 0.106231689453125
[2026-07-10T14:46:50.816] [DEBUG] debug-file - runTaskFromQueue task cost before running: 1 s 7 ms 
[2026-07-10T14:46:50.816] [INFO] debug-file - Finished :entry:default@PreviewUpdateAssets... after 5 ms 
[2026-07-10T14:46:50.818] [DEBUG] debug-file - Executing task :entry:default@PreviewArkTS
[2026-07-10T14:46:50.818] [DEBUG] debug-file - obfuscationOptions: undefined
[2026-07-10T14:46:50.819] [DEBUG] debug-file - Task 'entry:default@PreviewArkTS' cost while wrapping incremental declarations: 1 ms 
[2026-07-10T14:46:50.835] [DEBUG] debug-file - No watchWorker available for preview
[2026-07-10T14:46:50.835] [DEBUG] debug-file - Can not reuse worker, create new worker for preview
[2026-07-10T14:46:50.836] [DEBUG] debug-file - session manager: binding session. socketId=99xz-khQYJZzJaMAAAAL, threadId=1@4.
[2026-07-10T14:46:50.840] [DEBUG] debug-file - entry : default@PreviewArkTS cost memory 1.0270233154296875
[2026-07-10T14:46:54.495] [DEBUG] debug-file - watch worker: send response to session manager. Response type: WatchStart
[2026-07-10T14:46:54.497] [DEBUG] debug-file - session manager: watch message received from worker 1. Type: WatchStart
[2026-07-10T14:46:58.103] [DEBUG] debug-file - watch worker: send response to session manager. Response type: WatchLog
[2026-07-10T14:46:58.106] [DEBUG] debug-file - session manager: watch message received from worker 1. Type: WatchLog
